[   10089ms] [INFO] %cDownload the React DevTools for a better development experience: https://react.dev/link/react-devtools font-weight:bold @ webpack-internal:///(app-pages-browser)/./node_modules/next/dist/compiled/react-dom/cjs/react-dom-client.development.js:25630
[   10125ms] [LOG] %c%s%c 🟢 [PUBLIC_LAYOUT] Public layout rendered background: #e6e6e6;background: light-dark(rgba(0,0,0,0.1), rgba(255,255,255,0.25));color: #000000;color: light-dark(#000000, #ffffff);border-radius: 2px  Server   {timestamp: 2026-05-13T00:38:19.101Z} @ about://React/Server/webpack-internal:///(rsc)/./app/(public)/layout.tsx?0:16
[   10212ms] [LOG] ✅ [APP_SINGLETON] App instance mounted @ webpack-internal:///(app-pages-browser)/./components/app-singleton.tsx:145
[   10213ms] [LOG] ⏭️ [APP_SINGLETON] Skipping Monaco setup on public page for performance @ webpack-internal:///(app-pages-browser)/./components/app-singleton.tsx:249
[   17769ms] [LOG] [Fast Refresh] rebuilding @ webpack-internal:///(app-pages-browser)/./node_modules/next/dist/client/dev/hot-reloader/app/hot-reloader-app.js:183
[   18238ms] [LOG] [Fast Refresh] done in 468ms @ webpack-internal:///(app-pages-browser)/./node_modules/next/dist/client/dev/report-hmr-latency.js:13
[   19095ms] [LOG] [Fast Refresh] rebuilding @ webpack-internal:///(app-pages-browser)/./node_modules/next/dist/client/dev/hot-reloader/app/hot-reloader-app.js:183
[   35413ms] [LOG] 🔄 [APP_SINGLETON] App instance unmounted @ webpack-internal:///(app-pages-browser)/./components/app-singleton.tsx:255
[   35413ms] [LOG] ✅ [APP_SINGLETON] App instance mounted @ webpack-internal:///(app-pages-browser)/./components/app-singleton.tsx:145
[   35413ms] [LOG] ⏭️ [APP_SINGLETON] Skipping Monaco setup on public page for performance @ webpack-internal:///(app-pages-browser)/./components/app-singleton.tsx:249
[   35414ms] [LOG] [Fast Refresh] done in 16318ms @ webpack-internal:///(app-pages-browser)/./node_modules/next/dist/client/dev/report-hmr-latency.js:13
[   37197ms] [LOG] 🔵 [AUTH_LAYOUT] Auth layout rendered {pathname: /app/chat, timestamp: 2026-05-13T00:38:47.520Z} @ webpack-internal:///(app-pages-browser)/./app/(auth)/auth-layout-client.tsx:30
[   37202ms] [LOG] 🔄 [APP_SINGLETON] App instance unmounted @ webpack-internal:///(app-pages-browser)/./components/app-singleton.tsx:255
[   37203ms] [LOG] ✅ [APP_SINGLETON] App instance mounted @ webpack-internal:///(app-pages-browser)/./components/app-singleton.tsx:145
[   37203ms] [LOG] 🔵 [AUTH_LAYOUT] Auth layout rendered {pathname: /app/chat, timestamp: 2026-05-13T00:38:47.526Z} @ webpack-internal:///(app-pages-browser)/./app/(auth)/auth-layout-client.tsx:30
[   37205ms] [LOG] 🔧 [APP_SINGLETON] Setting up Monaco environment (deferred)... @ webpack-internal:///(app-pages-browser)/./components/app-singleton.tsx:223
[   37205ms] [LOG] [Monaco Environment] Setting up Monaco environment with full language services... @ webpack-internal:///(app-pages-browser)/./lib/monaco-environment.ts:18
[   37205ms] [LOG] [Monaco Environment] ✅ Fetch interceptor configured for Azure schemas @ webpack-internal:///(app-pages-browser)/./lib/monaco-environment.ts:61
[   37205ms] [LOG] ✅ [APP_SINGLETON] Monaco environment setup completed @ webpack-internal:///(app-pages-browser)/./components/app-singleton.tsx:225
[   37214ms] [LOG] 🔵 [AUTH_LAYOUT] Auth layout rendered {pathname: /app/chat, timestamp: 2026-05-13T00:38:47.537Z} @ webpack-internal:///(app-pages-browser)/./app/(auth)/auth-layout-client.tsx:30
[   37271ms] [LOG] 🔵 [AUTH_LAYOUT] Auth layout rendered {pathname: /app/chat, timestamp: 2026-05-13T00:38:47.593Z} @ webpack-internal:///(app-pages-browser)/./app/(auth)/auth-layout-client.tsx:30
[   37524ms] [LOG] [UserAuthService] Checking user existence for local@test.cloudeval.ai @ webpack-internal:///(app-pages-browser)/./lib/user-auth-service.ts:66
[   37653ms] [LOG] [Fast Refresh] rebuilding @ webpack-internal:///(app-pages-browser)/./node_modules/next/dist/client/dev/hot-reloader/app/hot-reloader-app.js:183
[   39245ms] [LOG] [Fast Refresh] rebuilding @ webpack-internal:///(app-pages-browser)/./node_modules/next/dist/client/dev/hot-reloader/app/hot-reloader-app.js:183
[   40202ms] [WARNING] The resource http://localhost:3011/_next/static/css/app/(auth)/app/chat/page.css?v=1778632725752 was preloaded using link preload but not used within a few seconds from the window's load event. Please make sure it has an appropriate `as` value and it is preloaded intentionally. @ http://localhost:3011/app/chat?agentProfileId=cost-reviewer:0
[   41799ms] [LOG] [Fast Refresh] done in 2554ms @ webpack-internal:///(app-pages-browser)/./node_modules/next/dist/client/dev/report-hmr-latency.js:13
[   42038ms] [LOG] [Fast Refresh] rebuilding @ webpack-internal:///(app-pages-browser)/./node_modules/next/dist/client/dev/hot-reloader/app/hot-reloader-app.js:183
[   44545ms] [LOG] [Fast Refresh] done in 2506ms @ webpack-internal:///(app-pages-browser)/./node_modules/next/dist/client/dev/report-hmr-latency.js:13
[   44649ms] [LOG] [Fast Refresh] rebuilding @ webpack-internal:///(app-pages-browser)/./node_modules/next/dist/client/dev/hot-reloader/app/hot-reloader-app.js:183
[   46135ms] [LOG] [Fast Refresh] done in 1486ms @ webpack-internal:///(app-pages-browser)/./node_modules/next/dist/client/dev/report-hmr-latency.js:13
[   46447ms] [ERROR] Failed to load resource: the server responded with a status of 404 (Not Found) @ http://localhost:3011/api/proxy/v1/user/email:0
[   46448ms] [ERROR] Failed to load resource: the server responded with a status of 404 (Not Found) @ http://localhost:3011/api/proxy/v1/jobs/summary?user_id=cef71da1-3ff9-4d13-8a7d-d443eb110f83:0
[   46449ms] [ERROR] Failed to load resource: the server responded with a status of 404 (Not Found) @ http://localhost:3011/api/proxy/v1/agent-profiles:0
[   46449ms] [ERROR] Failed to load resource: the server responded with a status of 404 (Not Found) @ http://localhost:3011/api/chat/health:0
[   46545ms] [ERROR] ❌ [API ERROR] GET /agent-profiles 404 - Request failed with status code 404 {message: Request failed with status code 404, code: ERR_BAD_REQUEST, status: 404, statusText: Not Found, method: GET} @ webpack-internal:///(app-pages-browser)/./node_modules/next/dist/next-devtools/userspace/app/errors/intercept-console-error.js:56
[   46546ms] [ERROR] Chat health check failed: SyntaxError: Unexpected token '<', "<!DOCTYPE "... is not valid JSON @ webpack-internal:///(app-pages-browser)/./node_modules/next/dist/next-devtools/userspace/app/errors/intercept-console-error.js:56
[   46546ms] [ERROR] ❌ [API ERROR] GET /jobs/summary 404 - Request failed with status code 404 {message: Request failed with status code 404, code: ERR_BAD_REQUEST, status: 404, statusText: Not Found, method: GET} @ webpack-internal:///(app-pages-browser)/./node_modules/next/dist/next-devtools/userspace/app/errors/intercept-console-error.js:56
[   46556ms] [LOG] [UserAuthService] User does not exist: local@test.cloudeval.ai @ webpack-internal:///(app-pages-browser)/./lib/user-auth-service.ts:93
[   46556ms] [LOG] 🔄 [GlobalDataProvider] User check didn't return user, trying direct fetch as fallback @ webpack-internal:///(app-pages-browser)/./components/global-data-provider.tsx:280
[   47021ms] [WARNING] [Fast Refresh] performing full reload

Fast Refresh will perform a full reload when you edit a file that's imported by modules outside of the React rendering tree.
You might have a file which exports a React component but also exports a value that is imported by a non-React component file.
Consider migrating the non-React component export to a separate file and importing it into both files.

It is also possible the parent component of the component you edited is a class component, which disables Fast Refresh.
Fast Refresh requires at least one parent function component in your React tree. @ webpack-internal:///(app-pages-browser)/./node_modules/next/dist/client/dev/hot-reloader/app/hot-reloader-app.js:111
[   47026ms] [LOG] [Fast Refresh] rebuilding @ webpack-internal:///(app-pages-browser)/./node_modules/next/dist/client/dev/hot-reloader/app/hot-reloader-app.js:183
[   47167ms] [LOG] THREE.WebGLRenderer: Context Lost. @ webpack-internal:///(app-pages-browser)/./node_modules/three/build/three.module.js:10443
[   50933ms] [INFO] %cDownload the React DevTools for a better development experience: https://react.dev/link/react-devtools font-weight:bold @ webpack-internal:///(app-pages-browser)/./node_modules/next/dist/compiled/react-dom/cjs/react-dom-client.development.js:25630
[   51326ms] [LOG] ✅ [APP_SINGLETON] App instance mounted @ webpack-internal:///(app-pages-browser)/./components/app-singleton.tsx:145
[   51332ms] [LOG] 🔵 [AUTH_LAYOUT] Auth layout rendered {pathname: /app/chat, timestamp: 2026-05-13T00:39:01.654Z} @ webpack-internal:///(app-pages-browser)/./app/(auth)/auth-layout-client.tsx:30
[   51392ms] [LOG] 🔧 [APP_SINGLETON] Setting up Monaco environment (deferred)... @ webpack-internal:///(app-pages-browser)/./components/app-singleton.tsx:223
[   51393ms] [LOG] [Monaco Environment] Setting up Monaco environment with full language services... @ webpack-internal:///(app-pages-browser)/./lib/monaco-environment.ts:18
[   51393ms] [LOG] [Monaco Environment] ✅ Fetch interceptor configured for Azure schemas @ webpack-internal:///(app-pages-browser)/./lib/monaco-environment.ts:61
[   51393ms] [LOG] ✅ [APP_SINGLETON] Monaco environment setup completed @ webpack-internal:///(app-pages-browser)/./components/app-singleton.tsx:225
[   51552ms] [LOG] [UserAuthService] Checking user existence for local@test.cloudeval.ai @ webpack-internal:///(app-pages-browser)/./lib/user-auth-service.ts:66
[   51661ms] [LOG] [Monaco Environment] ✅ Markdown language registered globally @ webpack-internal:///(app-pages-browser)/./lib/monaco-environment.ts:260
[   51662ms] [LOG] [Monaco Environment] ✅ Full language service workers configured @ webpack-internal:///(app-pages-browser)/./lib/monaco-environment.ts:297
[   52244ms] [ERROR] Failed to load resource: the server responded with a status of 500 (Internal Server Error) @ http://localhost:3011/api/proxy/v1/user/email:0
[   52244ms] [ERROR] Failed to load resource: the server responded with a status of 500 (Internal Server Error) @ http://localhost:3011/api/proxy/v1/jobs/summary?user_id=cef71da1-3ff9-4d13-8a7d-d443eb110f83:0
[   52244ms] [ERROR] Failed to load resource: the server responded with a status of 500 (Internal Server Error) @ http://localhost:3011/api/proxy/v1/agent-profiles:0
[   52244ms] [ERROR] Failed to load resource: the server responded with a status of 500 (Internal Server Error) @ http://localhost:3011/api/proxy/v1/chat/preferences:0
[   52245ms] [ERROR] Failed to load resource: the server responded with a status of 500 (Internal Server Error) @ http://localhost:3011/api/proxy/v1/models:0
[   52245ms] [ERROR] [UserAuthService] Error checking user local@test.cloudeval.ai: Error: User lookup failed with status 500
    at UserAuthService.performUserCheck (webpack-internal:///(app-pages-browser)/./lib/user-auth-service.ts:99:35)
    at async UserAuthService.checkUserExists (webpack-internal:///(app-pages-browser)/./lib/user-auth-service.ts:50:28)
    at async getUserExistsSafe (webpack-internal:///(app-pages-browser)/./lib/user-auth-service.ts:180:20)
    at async GlobalDataProvider.useEffect.loadAllData (webpack-internal:///(app-pages-browser)/./components/global-data-provider.tsx:271:40) @ webpack-internal:///(app-pages-browser)/./node_modules/next/dist/next-devtools/userspace/app/errors/intercept-console-error.js:56
[   52245ms] [WARNING] ⚠️ [GlobalDataProvider] User check failed, but will attempt to load projects if user ID can be determined @ webpack-internal:///(app-pages-browser)/./components/global-data-provider.tsx:371
[   52245ms] [WARNING] ⚠️ [GLOBAL] User existence check indeterminate; skipping onboarding redirect {error: <!DOCTYPE html><html data-critters-container><head…p":true,"scriptLoader":[]}</script></body></html>, errorCode: <!DOCTYPE html><html data-critters-container><head><style data-next-hide-fouc="true">body{display, statusCode: 500} @ webpack-internal:///(app-pages-browser)/./components/global-data-provider.tsx:579
[   52246ms] [ERROR] ❌ [API ERROR] GET /jobs/summary 500 - Request failed with status code 500 {message: Request failed with status code 500, code: ERR_BAD_RESPONSE, status: 500, statusText: Internal Server Error, method: GET} @ webpack-internal:///(app-pages-browser)/./node_modules/next/dist/next-devtools/userspace/app/errors/intercept-console-error.js:56
[   52246ms] [ERROR] ❌ [API ERROR] GET /agent-profiles 500 - Request failed with status code 500 {message: Request failed with status code 500, code: ERR_BAD_RESPONSE, status: 500, statusText: Internal Server Error, method: GET} @ webpack-internal:///(app-pages-browser)/./node_modules/next/dist/next-devtools/userspace/app/errors/intercept-console-error.js:56
[   52246ms] [ERROR] ❌ [API ERROR] GET /chat/preferences 500 - Request failed with status code 500 {message: Request failed with status code 500, code: ERR_BAD_RESPONSE, status: 500, statusText: Internal Server Error, method: GET} @ webpack-internal:///(app-pages-browser)/./node_modules/next/dist/next-devtools/userspace/app/errors/intercept-console-error.js:56
[   52246ms] [ERROR] ❌ [API ERROR] GET /models 500 - Request failed with status code 500 {message: Request failed with status code 500, code: ERR_BAD_RESPONSE, status: 500, statusText: Internal Server Error, method: GET} @ webpack-internal:///(app-pages-browser)/./node_modules/next/dist/next-devtools/userspace/app/errors/intercept-console-error.js:56
[   52247ms] [WARNING] Models endpoint /models failed, retrying /models/: AxiosError: Request failed with status code 500
    at settle (webpack-internal:///(app-pages-browser)/./node_modules/axios/dist/browser/axios.cjs:1792:16)
    at XMLHttpRequest.onloadend (webpack-internal:///(app-pages-browser)/./node_modules/axios/dist/browser/axios.cjs:2174:13)
    at Axios.request (webpack-internal:///(app-pages-browser)/./node_modules/axios/dist/browser/axios.cjs:2846:49)
    at async ApiClient.get (webpack-internal:///(app-pages-browser)/./lib/api/api-client.ts:481:26)
    at async getModels (webpack-internal:///(app-pages-browser)/./lib/models.ts:40:26) @ webpack-internal:///(app-pages-browser)/./lib/models.ts:47
[   52516ms] [ERROR] Failed to load resource: the server responded with a status of 404 (Not Found) @ http://localhost:3011/models/Xenova/whisper-tiny/tokenizer.json:0
[   52516ms] [ERROR] Failed to load resource: the server responded with a status of 404 (Not Found) @ http://localhost:3011/models/Xenova/whisper-tiny/tokenizer_config.json:0
[   52565ms] [ERROR] Failed to load resource: the server responded with a status of 404 (Not Found) @ http://localhost:3011/models/Xenova/whisper-tiny/config.json:0
[   52566ms] [ERROR] Failed to load resource: the server responded with a status of 404 (Not Found) @ http://localhost:3011/models/Xenova/whisper-tiny/preprocessor_config.json:0
[   53056ms] [ERROR] Failed to load resource: the server responded with a status of 500 (Internal Server Error) @ http://localhost:3011/api/proxy/v1/models:0
[   53057ms] [ERROR] ❌ [API ERROR] GET /models/ 500 - Request failed with status code 500 {message: Request failed with status code 500, code: ERR_BAD_RESPONSE, status: 500, statusText: Internal Server Error, method: GET} @ webpack-internal:///(app-pages-browser)/./node_modules/next/dist/next-devtools/userspace/app/errors/intercept-console-error.js:56
[   53235ms] [WARNING] Unable to determine content-length from response headers. Will expand buffer when needed. @ webpack-internal:///(app-pages-browser)/./node_modules/@xenova/transformers/src/utils/hub.js:608
[   53235ms] [WARNING] Unable to determine content-length from response headers. Will expand buffer when needed. @ webpack-internal:///(app-pages-browser)/./node_modules/@xenova/transformers/src/utils/hub.js:608
[   53261ms] [WARNING] Unable to determine content-length from response headers. Will expand buffer when needed. @ webpack-internal:///(app-pages-browser)/./node_modules/@xenova/transformers/src/utils/hub.js:608
[   53328ms] [ERROR] Failed to load resource: the server responded with a status of 404 (Not Found) @ http://localhost:3011/models/Xenova/whisper-tiny/onnx/encoder_model_quantized.onnx:0
[   53329ms] [ERROR] Failed to load resource: the server responded with a status of 404 (Not Found) @ http://localhost:3011/models/Xenova/whisper-tiny/onnx/decoder_model_merged_quantized.onnx:0
[   53329ms] [ERROR] Failed to load resource: the server responded with a status of 404 (Not Found) @ http://localhost:3011/models/Xenova/whisper-tiny/generation_config.json:0
[   53753ms] [ERROR] Failed to load resource: the server responded with a status of 500 (Internal Server Error) @ http://localhost:3011/api/proxy/v1/jobs/summary?user_id=cef71da1-3ff9-4d13-8a7d-d443eb110f83:0
[   53753ms] [ERROR] ❌ [API ERROR] GET /jobs/summary 500 - Request failed with status code 500 {message: Request failed with status code 500, code: ERR_BAD_RESPONSE, status: 500, statusText: Internal Server Error, method: GET} @ webpack-internal:///(app-pages-browser)/./node_modules/next/dist/next-devtools/userspace/app/errors/intercept-console-error.js:56
[   53914ms] [WARNING] Unable to determine content-length from response headers. Will expand buffer when needed. @ webpack-internal:///(app-pages-browser)/./node_modules/@xenova/transformers/src/utils/hub.js:608
[   54559ms] [ERROR] Failed to load resource: the server responded with a status of 500 (Internal Server Error) @ http://localhost:3011/api/proxy/v1/models:0
[   54559ms] [ERROR] ❌ [API ERROR] GET /models/ 500 - Request failed with status code 500 {message: Request failed with status code 500, code: ERR_BAD_RESPONSE, status: 500, statusText: Internal Server Error, method: GET} @ webpack-internal:///(app-pages-browser)/./node_modules/next/dist/next-devtools/userspace/app/errors/intercept-console-error.js:56
[   54559ms] [ERROR] Failed to load resource: the server responded with a status of 500 (Internal Server Error) @ http://localhost:3011/api/proxy/v1/agent-profiles:0
[   54560ms] [ERROR] ❌ [API ERROR] GET /agent-profiles 500 - Request failed with status code 500 {message: Request failed with status code 500, code: ERR_BAD_RESPONSE, status: 500, statusText: Internal Server Error, method: GET} @ webpack-internal:///(app-pages-browser)/./node_modules/next/dist/next-devtools/userspace/app/errors/intercept-console-error.js:56
[   55926ms] [ERROR] Failed to load resource: the server responded with a status of 500 (Internal Server Error) @ http://localhost:3011/api/proxy/v1/chat/preferences:0
[   55927ms] [ERROR] ❌ [API ERROR] GET /chat/preferences 500 - Request failed with status code 500 {message: Request failed with status code 500, code: ERR_BAD_RESPONSE, status: 500, statusText: Internal Server Error, method: GET} @ webpack-internal:///(app-pages-browser)/./node_modules/next/dist/next-devtools/userspace/app/errors/intercept-console-error.js:56
[   56291ms] [ERROR] Failed to load resource: the server responded with a status of 500 (Internal Server Error) @ http://localhost:3011/api/proxy/v1/jobs/summary?user_id=cef71da1-3ff9-4d13-8a7d-d443eb110f83:0
[   56291ms] [ERROR] ❌ [API ERROR] GET /jobs/summary 500 - Request failed with status code 500 {message: Request failed with status code 500, code: ERR_BAD_RESPONSE, status: 500, statusText: Internal Server Error, method: GET} @ webpack-internal:///(app-pages-browser)/./node_modules/next/dist/next-devtools/userspace/app/errors/intercept-console-error.js:56
[   57450ms] [ERROR] Failed to load resource: the server responded with a status of 500 (Internal Server Error) @ http://localhost:3011/api/proxy/v1/chat/preferences:0
[   57451ms] [ERROR] ❌ [API ERROR] GET /chat/preferences 500 - Request failed with status code 500 {message: Request failed with status code 500, code: ERR_BAD_RESPONSE, status: 500, statusText: Internal Server Error, method: GET} @ webpack-internal:///(app-pages-browser)/./node_modules/next/dist/next-devtools/userspace/app/errors/intercept-console-error.js:56
[   58076ms] [ERROR] Failed to load resource: the server responded with a status of 500 (Internal Server Error) @ http://localhost:3011/api/proxy/v1/models:0
[   58077ms] [ERROR] ❌ [API ERROR] GET /models/ 500 - Request failed with status code 500 {message: Request failed with status code 500, code: ERR_BAD_RESPONSE, status: 500, statusText: Internal Server Error, method: GET} @ webpack-internal:///(app-pages-browser)/./node_modules/next/dist/next-devtools/userspace/app/errors/intercept-console-error.js:56
[   58077ms] [WARNING] Models endpoints unavailable, using fallback: AxiosError: Request failed with status code 500
    at settle (webpack-internal:///(app-pages-browser)/./node_modules/axios/dist/browser/axios.cjs:1792:16)
    at XMLHttpRequest.onloadend (webpack-internal:///(app-pages-browser)/./node_modules/axios/dist/browser/axios.cjs:2174:13)
    at Axios.request (webpack-internal:///(app-pages-browser)/./node_modules/axios/dist/browser/axios.cjs:2846:49)
    at async Axios.request (webpack-internal:///(app-pages-browser)/./node_modules/axios/dist/browser/axios.cjs:2842:20)
    at async Axios.request (webpack-internal:///(app-pages-browser)/./node_modules/axios/dist/browser/axios.cjs:2842:20)
    at async ApiClient.get (webpack-internal:///(app-pages-browser)/./lib/api/api-client.ts:481:26)
    at async getModels (webpack-internal:///(app-pages-browser)/./lib/models.ts:50:30) @ webpack-internal:///(app-pages-browser)/./lib/models.ts:57
[   58229ms] [WARNING] 2026-05-13 06:09:08.550200 [W:onnxruntime:, graph.cc:3490 CleanUnusedInitializersAndNodeArgs] Removing initializer '/model/decoder/Constant_16_output_0'. It is not used by any node and should be removed from the model. @ webpack-internal:///(app-pages-browser)/./node_modules/@xenova/transformers/node_modules/onnxruntime-web/dist/ort-web.min.js:6
[   58229ms] [WARNING] 2026-05-13 06:09:08.551300 [W:onnxruntime:, graph.cc:3490 CleanUnusedInitializersAndNodeArgs] Removing initializer '/model/decoder/Shape_4_output_0'. It is not used by any node and should be removed from the model. @ webpack-internal:///(app-pages-browser)/./node_modules/@xenova/transformers/node_modules/onnxruntime-web/dist/ort-web.min.js:6
[   58237ms] [WARNING] 2026-05-13 06:09:08.559300 [W:onnxruntime:, graph.cc:3490 CleanUnusedInitializersAndNodeArgs] Removing initializer '/model/decoder/Constant_1_output_0'. It is not used by any node and should be removed from the model. @ webpack-internal:///(app-pages-browser)/./node_modules/@xenova/transformers/node_modules/onnxruntime-web/dist/ort-web.min.js:6
[   58237ms] [WARNING] 2026-05-13 06:09:08.559500 [W:onnxruntime:, graph.cc:3490 CleanUnusedInitializersAndNodeArgs] Removing initializer '/model/decoder/Constant_output_0'. It is not used by any node and should be removed from the model. @ webpack-internal:///(app-pages-browser)/./node_modules/@xenova/transformers/node_modules/onnxruntime-web/dist/ort-web.min.js:6
[   58237ms] [WARNING] 2026-05-13 06:09:08.559700 [W:onnxruntime:, graph.cc:3490 CleanUnusedInitializersAndNodeArgs] Removing initializer '/model/decoder/Constant_10_output_0'. It is not used by any node and should be removed from the model. @ webpack-internal:///(app-pages-browser)/./node_modules/@xenova/transformers/node_modules/onnxruntime-web/dist/ort-web.min.js:6
[   58237ms] [WARNING] 2026-05-13 06:09:08.559700 [W:onnxruntime:, graph.cc:3490 CleanUnusedInitializersAndNodeArgs] Removing initializer '/model/decoder/Constant_11_output_0'. It is not used by any node and should be removed from the model. @ webpack-internal:///(app-pages-browser)/./node_modules/@xenova/transformers/node_modules/onnxruntime-web/dist/ort-web.min.js:6
[   58237ms] [WARNING] 2026-05-13 06:09:08.559900 [W:onnxruntime:, graph.cc:3490 CleanUnusedInitializersAndNodeArgs] Removing initializer '/model/decoder/Constant_2_output_0'. It is not used by any node and should be removed from the model. @ webpack-internal:///(app-pages-browser)/./node_modules/@xenova/transformers/node_modules/onnxruntime-web/dist/ort-web.min.js:6
[   58237ms] [WARNING] 2026-05-13 06:09:08.559900 [W:onnxruntime:, graph.cc:3490 CleanUnusedInitializersAndNodeArgs] Removing initializer '/model/decoder/Constant_12_output_0'. It is not used by any node and should be removed from the model. @ webpack-internal:///(app-pages-browser)/./node_modules/@xenova/transformers/node_modules/onnxruntime-web/dist/ort-web.min.js:6
[   58237ms] [WARNING] 2026-05-13 06:09:08.560000 [W:onnxruntime:, graph.cc:3490 CleanUnusedInitializersAndNodeArgs] Removing initializer '/model/decoder/Constant_9_output_0'. It is not used by any node and should be removed from the model. @ webpack-internal:///(app-pages-browser)/./node_modules/@xenova/transformers/node_modules/onnxruntime-web/dist/ort-web.min.js:6
[   58267ms] [WARNING] 2026-05-13 06:09:08.589300 [W:onnxruntime:, graph.cc:3490 CleanUnusedInitializersAndNodeArgs] Removing initializer '/model/decoder/layers.3/activation_fn/Constant_2_output_0'. It is not used by any node and should be removed from the model. @ webpack-internal:///(app-pages-browser)/./node_modules/@xenova/transformers/node_modules/onnxruntime-web/dist/ort-web.min.js:6
[   58267ms] [WARNING] 2026-05-13 06:09:08.589500 [W:onnxruntime:, graph.cc:3490 CleanUnusedInitializersAndNodeArgs] Removing initializer '/model/decoder/layers.3/activation_fn/Constant_output_0'. It is not used by any node and should be removed from the model. @ webpack-internal:///(app-pages-browser)/./node_modules/@xenova/transformers/node_modules/onnxruntime-web/dist/ort-web.min.js:6
[   58267ms] [WARNING] 2026-05-13 06:09:08.589600 [W:onnxruntime:, graph.cc:3490 CleanUnusedInitializersAndNodeArgs] Removing initializer '/model/decoder/layers.2/activation_fn/Constant_2_output_0'. It is not used by any node and should be removed from the model. @ webpack-internal:///(app-pages-browser)/./node_modules/@xenova/transformers/node_modules/onnxruntime-web/dist/ort-web.min.js:6
[   58267ms] [WARNING] 2026-05-13 06:09:08.589600 [W:onnxruntime:, graph.cc:3490 CleanUnusedInitializersAndNodeArgs] Removing initializer '/model/decoder/layers.2/activation_fn/Constant_output_0'. It is not used by any node and should be removed from the model. @ webpack-internal:///(app-pages-browser)/./node_modules/@xenova/transformers/node_modules/onnxruntime-web/dist/ort-web.min.js:6
[   58267ms] [WARNING] 2026-05-13 06:09:08.589700 [W:onnxruntime:, graph.cc:3490 CleanUnusedInitializersAndNodeArgs] Removing initializer '/model/decoder/layers.1/activation_fn/Constant_output_0'. It is not used by any node and should be removed from the model. @ webpack-internal:///(app-pages-browser)/./node_modules/@xenova/transformers/node_modules/onnxruntime-web/dist/ort-web.min.js:6
[   58267ms] [WARNING] 2026-05-13 06:09:08.589900 [W:onnxruntime:, graph.cc:3490 CleanUnusedInitializersAndNodeArgs] Removing initializer '/model/decoder/layers.0/activation_fn/Constant_2_output_0'. It is not used by any node and should be removed from the model. @ webpack-internal:///(app-pages-browser)/./node_modules/@xenova/transformers/node_modules/onnxruntime-web/dist/ort-web.min.js:6
[   58267ms] [WARNING] 2026-05-13 06:09:08.589900 [W:onnxruntime:, graph.cc:3490 CleanUnusedInitializersAndNodeArgs] Removing initializer '/model/decoder/layers.3/activation_fn/Constant_1_output_0'. It is not used by any node and should be removed from the model. @ webpack-internal:///(app-pages-browser)/./node_modules/@xenova/transformers/node_modules/onnxruntime-web/dist/ort-web.min.js:6
[   58267ms] [WARNING] 2026-05-13 06:09:08.590000 [W:onnxruntime:, graph.cc:3490 CleanUnusedInitializersAndNodeArgs] Removing initializer '/model/decoder/layers.0/activation_fn/Constant_1_output_0'. It is not used by any node and should be removed from the model. @ webpack-internal:///(app-pages-browser)/./node_modules/@xenova/transformers/node_modules/onnxruntime-web/dist/ort-web.min.js:6
[   58268ms] [WARNING] 2026-05-13 06:09:08.590000 [W:onnxruntime:, graph.cc:3490 CleanUnusedInitializersAndNodeArgs] Removing initializer '/model/decoder/layers.1/activation_fn/Constant_1_output_0'. It is not used by any node and should be removed from the model. @ webpack-internal:///(app-pages-browser)/./node_modules/@xenova/transformers/node_modules/onnxruntime-web/dist/ort-web.min.js:6
[   58268ms] [WARNING] 2026-05-13 06:09:08.590200 [W:onnxruntime:, graph.cc:3490 CleanUnusedInitializersAndNodeArgs] Removing initializer '/model/decoder/layers.1/activation_fn/Constant_2_output_0'. It is not used by any node and should be removed from the model. @ webpack-internal:///(app-pages-browser)/./node_modules/@xenova/transformers/node_modules/onnxruntime-web/dist/ort-web.min.js:6
[   58268ms] [WARNING] 2026-05-13 06:09:08.590200 [W:onnxruntime:, graph.cc:3490 CleanUnusedInitializersAndNodeArgs] Removing initializer '/model/decoder/layers.2/activation_fn/Constant_1_output_0'. It is not used by any node and should be removed from the model. @ webpack-internal:///(app-pages-browser)/./node_modules/@xenova/transformers/node_modules/onnxruntime-web/dist/ort-web.min.js:6
[   58268ms] [WARNING] 2026-05-13 06:09:08.590200 [W:onnxruntime:, graph.cc:3490 CleanUnusedInitializersAndNodeArgs] Removing initializer '/model/decoder/layers.0/activation_fn/Constant_output_0'. It is not used by any node and should be removed from the model. @ webpack-internal:///(app-pages-browser)/./node_modules/@xenova/transformers/node_modules/onnxruntime-web/dist/ort-web.min.js:6
[   58268ms] [WARNING] 2026-05-13 06:09:08.590500 [W:onnxruntime:, graph.cc:3490 CleanUnusedInitializersAndNodeArgs] Removing initializer '/model/decoder/layers.3/activation_fn/Constant_2_output_0'. It is not used by any node and should be removed from the model. @ webpack-internal:///(app-pages-browser)/./node_modules/@xenova/transformers/node_modules/onnxruntime-web/dist/ort-web.min.js:6
[   58268ms] [WARNING] 2026-05-13 06:09:08.590700 [W:onnxruntime:, graph.cc:3490 CleanUnusedInitializersAndNodeArgs] Removing initializer '/model/decoder/layers.3/activation_fn/Constant_output_0'. It is not used by any node and should be removed from the model. @ webpack-internal:///(app-pages-browser)/./node_modules/@xenova/transformers/node_modules/onnxruntime-web/dist/ort-web.min.js:6
[   58268ms] [WARNING] 2026-05-13 06:09:08.590800 [W:onnxruntime:, graph.cc:3490 CleanUnusedInitializersAndNodeArgs] Removing initializer '/model/decoder/layers.2/activation_fn/Constant_2_output_0'. It is not used by any node and should be removed from the model. @ webpack-internal:///(app-pages-browser)/./node_modules/@xenova/transformers/node_modules/onnxruntime-web/dist/ort-web.min.js:6
[   58268ms] [WARNING] 2026-05-13 06:09:08.590800 [W:onnxruntime:, graph.cc:3490 CleanUnusedInitializersAndNodeArgs] Removing initializer '/model/decoder/layers.2/activation_fn/Constant_output_0'. It is not used by any node and should be removed from the model. @ webpack-internal:///(app-pages-browser)/./node_modules/@xenova/transformers/node_modules/onnxruntime-web/dist/ort-web.min.js:6
[   58269ms] [WARNING] 2026-05-13 06:09:08.590900 [W:onnxruntime:, graph.cc:3490 CleanUnusedInitializersAndNodeArgs] Removing initializer '/model/decoder/layers.1/activation_fn/Constant_output_0'. It is not used by any node and should be removed from the model. @ webpack-internal:///(app-pages-browser)/./node_modules/@xenova/transformers/node_modules/onnxruntime-web/dist/ort-web.min.js:6
[   58269ms] [WARNING] 2026-05-13 06:09:08.591100 [W:onnxruntime:, graph.cc:3490 CleanUnusedInitializersAndNodeArgs] Removing initializer '/model/decoder/layers.0/activation_fn/Constant_2_output_0'. It is not used by any node and should be removed from the model. @ webpack-internal:///(app-pages-browser)/./node_modules/@xenova/transformers/node_modules/onnxruntime-web/dist/ort-web.min.js:6
[   58269ms] [WARNING] 2026-05-13 06:09:08.591200 [W:onnxruntime:, graph.cc:3490 CleanUnusedInitializersAndNodeArgs] Removing initializer '/model/decoder/layers.3/activation_fn/Constant_1_output_0'. It is not used by any node and should be removed from the model. @ webpack-internal:///(app-pages-browser)/./node_modules/@xenova/transformers/node_modules/onnxruntime-web/dist/ort-web.min.js:6
[   58269ms] [WARNING] 2026-05-13 06:09:08.591400 [W:onnxruntime:, graph.cc:3490 CleanUnusedInitializersAndNodeArgs] Removing initializer '/model/decoder/layers.0/activation_fn/Constant_1_output_0'. It is not used by any node and should be removed from the model. @ webpack-internal:///(app-pages-browser)/./node_modules/@xenova/transformers/node_modules/onnxruntime-web/dist/ort-web.min.js:6
[   58269ms] [WARNING] 2026-05-13 06:09:08.591400 [W:onnxruntime:, graph.cc:3490 CleanUnusedInitializersAndNodeArgs] Removing initializer '/model/decoder/layers.1/activation_fn/Constant_1_output_0'. It is not used by any node and should be removed from the model. @ webpack-internal:///(app-pages-browser)/./node_modules/@xenova/transformers/node_modules/onnxruntime-web/dist/ort-web.min.js:6
[   58269ms] [WARNING] 2026-05-13 06:09:08.591400 [W:onnxruntime:, graph.cc:3490 CleanUnusedInitializersAndNodeArgs] Removing initializer '/model/decoder/layers.0/activation_fn/Constant_output_0'. It is not used by any node and should be removed from the model. @ webpack-internal:///(app-pages-browser)/./node_modules/@xenova/transformers/node_modules/onnxruntime-web/dist/ort-web.min.js:6
[   58269ms] [WARNING] 2026-05-13 06:09:08.591600 [W:onnxruntime:, graph.cc:3490 CleanUnusedInitializersAndNodeArgs] Removing initializer '/model/decoder/layers.2/activation_fn/Constant_1_output_0'. It is not used by any node and should be removed from the model. @ webpack-internal:///(app-pages-browser)/./node_modules/@xenova/transformers/node_modules/onnxruntime-web/dist/ort-web.min.js:6
[   58269ms] [WARNING] 2026-05-13 06:09:08.591600 [W:onnxruntime:, graph.cc:3490 CleanUnusedInitializersAndNodeArgs] Removing initializer '/model/decoder/layers.1/activation_fn/Constant_2_output_0'. It is not used by any node and should be removed from the model. @ webpack-internal:///(app-pages-browser)/./node_modules/@xenova/transformers/node_modules/onnxruntime-web/dist/ort-web.min.js:6
[   58276ms] [WARNING] 2026-05-13 06:09:08.598300 [W:onnxruntime:, graph.cc:3490 CleanUnusedInitializersAndNodeArgs] Removing initializer '/model/decoder/layers.3/final_layer_norm/Constant_1_output_0'. It is not used by any node and should be removed from the model. @ webpack-internal:///(app-pages-browser)/./node_modules/@xenova/transformers/node_modules/onnxruntime-web/dist/ort-web.min.js:6
[   58276ms] [WARNING] 2026-05-13 06:09:08.598300 [W:onnxruntime:, graph.cc:3490 CleanUnusedInitializersAndNodeArgs] Removing initializer '/model/decoder/layers.3/final_layer_norm/Constant_output_0'. It is not used by any node and should be removed from the model. @ webpack-internal:///(app-pages-browser)/./node_modules/@xenova/transformers/node_modules/onnxruntime-web/dist/ort-web.min.js:6
[   58276ms] [WARNING] 2026-05-13 06:09:08.598500 [W:onnxruntime:, graph.cc:3490 CleanUnusedInitializersAndNodeArgs] Removing initializer '/model/decoder/layers.2/final_layer_norm/Constant_output_0'. It is not used by any node and should be removed from the model. @ webpack-internal:///(app-pages-browser)/./node_modules/@xenova/transformers/node_modules/onnxruntime-web/dist/ort-web.min.js:6
[   58276ms] [WARNING] 2026-05-13 06:09:08.598500 [W:onnxruntime:, graph.cc:3490 CleanUnusedInitializersAndNodeArgs] Removing initializer '/model/decoder/layers.3/self_attn_layer_norm/Constant_output_0'. It is not used by any node and should be removed from the model. @ webpack-internal:///(app-pages-browser)/./node_modules/@xenova/transformers/node_modules/onnxruntime-web/dist/ort-web.min.js:6
[   58276ms] [WARNING] 2026-05-13 06:09:08.598600 [W:onnxruntime:, graph.cc:3490 CleanUnusedInitializersAndNodeArgs] Removing initializer '/model/decoder/layers.2/final_layer_norm/Constant_1_output_0'. It is not used by any node and should be removed from the model. @ webpack-internal:///(app-pages-browser)/./node_modules/@xenova/transformers/node_modules/onnxruntime-web/dist/ort-web.min.js:6
[   58276ms] [WARNING] 2026-05-13 06:09:08.598600 [W:onnxruntime:, graph.cc:3490 CleanUnusedInitializersAndNodeArgs] Removing initializer '/model/decoder/layers.2/self_attn_layer_norm/Constant_1_output_0'. It is not used by any node and should be removed from the model. @ webpack-internal:///(app-pages-browser)/./node_modules/@xenova/transformers/node_modules/onnxruntime-web/dist/ort-web.min.js:6
[   58276ms] [WARNING] 2026-05-13 06:09:08.598700 [W:onnxruntime:, graph.cc:3490 CleanUnusedInitializersAndNodeArgs] Removing initializer '/model/decoder/layers.3/encoder_attn_layer_norm/Constant_1_output_0'. It is not used by any node and should be removed from the model. @ webpack-internal:///(app-pages-browser)/./node_modules/@xenova/transformers/node_modules/onnxruntime-web/dist/ort-web.min.js:6
[   58276ms] [WARNING] 2026-05-13 06:09:08.598800 [W:onnxruntime:, graph.cc:3490 CleanUnusedInitializersAndNodeArgs] Removing initializer '/model/decoder/layers.0/self_attn_layer_norm/Constant_output_0'. It is not used by any node and should be removed from the model. @ webpack-internal:///(app-pages-browser)/./node_modules/@xenova/transformers/node_modules/onnxruntime-web/dist/ort-web.min.js:6
[   58276ms] [WARNING] 2026-05-13 06:09:08.598800 [W:onnxruntime:, graph.cc:3490 CleanUnusedInitializersAndNodeArgs] Removing initializer '/model/decoder/layers.2/encoder_attn_layer_norm/Constant_1_output_0'. It is not used by any node and should be removed from the model. @ webpack-internal:///(app-pages-browser)/./node_modules/@xenova/transformers/node_modules/onnxruntime-web/dist/ort-web.min.js:6
[   58276ms] [WARNING] 2026-05-13 06:09:08.598900 [W:onnxruntime:, graph.cc:3490 CleanUnusedInitializersAndNodeArgs] Removing initializer '/model/decoder/layers.2/encoder_attn_layer_norm/Constant_output_0'. It is not used by any node and should be removed from the model. @ webpack-internal:///(app-pages-browser)/./node_modules/@xenova/transformers/node_modules/onnxruntime-web/dist/ort-web.min.js:6
[   58276ms] [WARNING] 2026-05-13 06:09:08.598900 [W:onnxruntime:, graph.cc:3490 CleanUnusedInitializersAndNodeArgs] Removing initializer '/model/decoder/layers.0/encoder_attn_layer_norm/Constant_1_output_0'. It is not used by any node and should be removed from the model. @ webpack-internal:///(app-pages-browser)/./node_modules/@xenova/transformers/node_modules/onnxruntime-web/dist/ort-web.min.js:6
[   58276ms] [WARNING] 2026-05-13 06:09:08.599000 [W:onnxruntime:, graph.cc:3490 CleanUnusedInitializersAndNodeArgs] Removing initializer '/model/decoder/layers.3/self_attn_layer_norm/Constant_1_output_0'. It is not used by any node and should be removed from the model. @ webpack-internal:///(app-pages-browser)/./node_modules/@xenova/transformers/node_modules/onnxruntime-web/dist/ort-web.min.js:6
[   58277ms] [WARNING] 2026-05-13 06:09:08.599100 [W:onnxruntime:, graph.cc:3490 CleanUnusedInitializersAndNodeArgs] Removing initializer '/model/decoder/layers.2/self_attn_layer_norm/Constant_output_0'. It is not used by any node and should be removed from the model. @ webpack-internal:///(app-pages-browser)/./node_modules/@xenova/transformers/node_modules/onnxruntime-web/dist/ort-web.min.js:6
[   58277ms] [WARNING] 2026-05-13 06:09:08.599100 [W:onnxruntime:, graph.cc:3490 CleanUnusedInitializersAndNodeArgs] Removing initializer '/model/decoder/layers.1/final_layer_norm/Constant_1_output_0'. It is not used by any node and should be removed from the model. @ webpack-internal:///(app-pages-browser)/./node_modules/@xenova/transformers/node_modules/onnxruntime-web/dist/ort-web.min.js:6
[   58277ms] [WARNING] 2026-05-13 06:09:08.599100 [W:onnxruntime:, graph.cc:3490 CleanUnusedInitializersAndNodeArgs] Removing initializer '/model/decoder/layers.1/final_layer_norm/Constant_output_0'. It is not used by any node and should be removed from the model. @ webpack-internal:///(app-pages-browser)/./node_modules/@xenova/transformers/node_modules/onnxruntime-web/dist/ort-web.min.js:6
[   58277ms] [WARNING] 2026-05-13 06:09:08.599300 [W:onnxruntime:, graph.cc:3490 CleanUnusedInitializersAndNodeArgs] Removing initializer '/model/decoder/layers.0/final_layer_norm/Constant_1_output_0'. It is not used by any node and should be removed from the model. @ webpack-internal:///(app-pages-browser)/./node_modules/@xenova/transformers/node_modules/onnxruntime-web/dist/ort-web.min.js:6
[   58277ms] [WARNING] 2026-05-13 06:09:08.599300 [W:onnxruntime:, graph.cc:3490 CleanUnusedInitializersAndNodeArgs] Removing initializer '/model/decoder/layers.1/encoder_attn_layer_norm/Constant_1_output_0'. It is not used by any node and should be removed from the model. @ webpack-internal:///(app-pages-browser)/./node_modules/@xenova/transformers/node_modules/onnxruntime-web/dist/ort-web.min.js:6
[   58277ms] [WARNING] 2026-05-13 06:09:08.599300 [W:onnxruntime:, graph.cc:3490 CleanUnusedInitializersAndNodeArgs] Removing initializer '/model/decoder/layers.0/final_layer_norm/Constant_output_0'. It is not used by any node and should be removed from the model. @ webpack-internal:///(app-pages-browser)/./node_modules/@xenova/transformers/node_modules/onnxruntime-web/dist/ort-web.min.js:6
[   58277ms] [WARNING] 2026-05-13 06:09:08.599500 [W:onnxruntime:, graph.cc:3490 CleanUnusedInitializersAndNodeArgs] Removing initializer '/model/decoder/layers.3/encoder_attn_layer_norm/Constant_output_0'. It is not used by any node and should be removed from the model. @ webpack-internal:///(app-pages-browser)/./node_modules/@xenova/transformers/node_modules/onnxruntime-web/dist/ort-web.min.js:6
[   58277ms] [WARNING] 2026-05-13 06:09:08.599500 [W:onnxruntime:, graph.cc:3490 CleanUnusedInitializersAndNodeArgs] Removing initializer '/model/decoder/layer_norm/Constant_output_0'. It is not used by any node and should be removed from the model. @ webpack-internal:///(app-pages-browser)/./node_modules/@xenova/transformers/node_modules/onnxruntime-web/dist/ort-web.min.js:6
[   58277ms] [WARNING] 2026-05-13 06:09:08.599600 [W:onnxruntime:, graph.cc:3490 CleanUnusedInitializersAndNodeArgs] Removing initializer '/model/decoder/layers.1/self_attn_layer_norm/Constant_1_output_0'. It is not used by any node and should be removed from the model. @ webpack-internal:///(app-pages-browser)/./node_modules/@xenova/transformers/node_modules/onnxruntime-web/dist/ort-web.min.js:6
[   58277ms] [WARNING] 2026-05-13 06:09:08.599600 [W:onnxruntime:, graph.cc:3490 CleanUnusedInitializersAndNodeArgs] Removing initializer '/model/decoder/layers.0/encoder_attn_layer_norm/Constant_output_0'. It is not used by any node and should be removed from the model. @ webpack-internal:///(app-pages-browser)/./node_modules/@xenova/transformers/node_modules/onnxruntime-web/dist/ort-web.min.js:6
[   58277ms] [WARNING] 2026-05-13 06:09:08.599600 [W:onnxruntime:, graph.cc:3490 CleanUnusedInitializersAndNodeArgs] Removing initializer '/model/decoder/layer_norm/Constant_1_output_0'. It is not used by any node and should be removed from the model. @ webpack-internal:///(app-pages-browser)/./node_modules/@xenova/transformers/node_modules/onnxruntime-web/dist/ort-web.min.js:6
[   58277ms] [WARNING] 2026-05-13 06:09:08.599700 [W:onnxruntime:, graph.cc:3490 CleanUnusedInitializersAndNodeArgs] Removing initializer '/model/decoder/layers.1/self_attn_layer_norm/Constant_output_0'. It is not used by any node and should be removed from the model. @ webpack-internal:///(app-pages-browser)/./node_modules/@xenova/transformers/node_modules/onnxruntime-web/dist/ort-web.min.js:6
[   58277ms] [WARNING] 2026-05-13 06:09:08.599900 [W:onnxruntime:, graph.cc:3490 CleanUnusedInitializersAndNodeArgs] Removing initializer '/model/decoder/layers.0/self_attn_layer_norm/Constant_1_output_0'. It is not used by any node and should be removed from the model. @ webpack-internal:///(app-pages-browser)/./node_modules/@xenova/transformers/node_modules/onnxruntime-web/dist/ort-web.min.js:6
[   58277ms] [WARNING] 2026-05-13 06:09:08.599900 [W:onnxruntime:, graph.cc:3490 CleanUnusedInitializersAndNodeArgs] Removing initializer '/model/decoder/layers.1/encoder_attn_layer_norm/Constant_output_0'. It is not used by any node and should be removed from the model. @ webpack-internal:///(app-pages-browser)/./node_modules/@xenova/transformers/node_modules/onnxruntime-web/dist/ort-web.min.js:6
[   58278ms] [WARNING] 2026-05-13 06:09:08.600000 [W:onnxruntime:, graph.cc:3490 CleanUnusedInitializersAndNodeArgs] Removing initializer '/model/decoder/layers.3/final_layer_norm/Constant_1_output_0'. It is not used by any node and should be removed from the model. @ webpack-internal:///(app-pages-browser)/./node_modules/@xenova/transformers/node_modules/onnxruntime-web/dist/ort-web.min.js:6
[   58278ms] [WARNING] 2026-05-13 06:09:08.600100 [W:onnxruntime:, graph.cc:3490 CleanUnusedInitializersAndNodeArgs] Removing initializer '/model/decoder/layers.3/final_layer_norm/Constant_output_0'. It is not used by any node and should be removed from the model. @ webpack-internal:///(app-pages-browser)/./node_modules/@xenova/transformers/node_modules/onnxruntime-web/dist/ort-web.min.js:6
[   58278ms] [WARNING] 2026-05-13 06:09:08.600200 [W:onnxruntime:, graph.cc:3490 CleanUnusedInitializersAndNodeArgs] Removing initializer '/model/decoder/layers.3/encoder_attn_layer_norm/Constant_1_output_0'. It is not used by any node and should be removed from the model. @ webpack-internal:///(app-pages-browser)/./node_modules/@xenova/transformers/node_modules/onnxruntime-web/dist/ort-web.min.js:6
[   58278ms] [WARNING] 2026-05-13 06:09:08.600200 [W:onnxruntime:, graph.cc:3490 CleanUnusedInitializersAndNodeArgs] Removing initializer '/model/decoder/layers.3/encoder_attn_layer_norm/Constant_output_0'. It is not used by any node and should be removed from the model. @ webpack-internal:///(app-pages-browser)/./node_modules/@xenova/transformers/node_modules/onnxruntime-web/dist/ort-web.min.js:6
[   58278ms] [WARNING] 2026-05-13 06:09:08.600300 [W:onnxruntime:, graph.cc:3490 CleanUnusedInitializersAndNodeArgs] Removing initializer '/model/decoder/layers.3/self_attn_layer_norm/Constant_output_0'. It is not used by any node and should be removed from the model. @ webpack-internal:///(app-pages-browser)/./node_modules/@xenova/transformers/node_modules/onnxruntime-web/dist/ort-web.min.js:6
[   58278ms] [WARNING] 2026-05-13 06:09:08.600300 [W:onnxruntime:, graph.cc:3490 CleanUnusedInitializersAndNodeArgs] Removing initializer '/model/decoder/layers.2/final_layer_norm/Constant_1_output_0'. It is not used by any node and should be removed from the model. @ webpack-internal:///(app-pages-browser)/./node_modules/@xenova/transformers/node_modules/onnxruntime-web/dist/ort-web.min.js:6
[   58278ms] [WARNING] 2026-05-13 06:09:08.600400 [W:onnxruntime:, graph.cc:3490 CleanUnusedInitializersAndNodeArgs] Removing initializer '/model/decoder/layers.0/self_attn_layer_norm/Constant_output_0'. It is not used by any node and should be removed from the model. @ webpack-internal:///(app-pages-browser)/./node_modules/@xenova/transformers/node_modules/onnxruntime-web/dist/ort-web.min.js:6
[   58278ms] [WARNING] 2026-05-13 06:09:08.600400 [W:onnxruntime:, graph.cc:3490 CleanUnusedInitializersAndNodeArgs] Removing initializer '/model/decoder/layers.2/encoder_attn_layer_norm/Constant_output_0'. It is not used by any node and should be removed from the model. @ webpack-internal:///(app-pages-browser)/./node_modules/@xenova/transformers/node_modules/onnxruntime-web/dist/ort-web.min.js:6
[   58278ms] [WARNING] 2026-05-13 06:09:08.600500 [W:onnxruntime:, graph.cc:3490 CleanUnusedInitializersAndNodeArgs] Removing initializer '/model/decoder/layers.2/encoder_attn_layer_norm/Constant_1_output_0'. It is not used by any node and should be removed from the model. @ webpack-internal:///(app-pages-browser)/./node_modules/@xenova/transformers/node_modules/onnxruntime-web/dist/ort-web.min.js:6
[   58278ms] [WARNING] 2026-05-13 06:09:08.600600 [W:onnxruntime:, graph.cc:3490 CleanUnusedInitializersAndNodeArgs] Removing initializer '/model/decoder/layers.0/encoder_attn_layer_norm/Constant_1_output_0'. It is not used by any node and should be removed from the model. @ webpack-internal:///(app-pages-browser)/./node_modules/@xenova/transformers/node_modules/onnxruntime-web/dist/ort-web.min.js:6
[   58278ms] [WARNING] 2026-05-13 06:09:08.600600 [W:onnxruntime:, graph.cc:3490 CleanUnusedInitializersAndNodeArgs] Removing initializer '/model/decoder/layers.3/self_attn_layer_norm/Constant_1_output_0'. It is not used by any node and should be removed from the model. @ webpack-internal:///(app-pages-browser)/./node_modules/@xenova/transformers/node_modules/onnxruntime-web/dist/ort-web.min.js:6
[   58278ms] [WARNING] 2026-05-13 06:09:08.600700 [W:onnxruntime:, graph.cc:3490 CleanUnusedInitializersAndNodeArgs] Removing initializer '/model/decoder/layers.2/self_attn_layer_norm/Constant_output_0'. It is not used by any node and should be removed from the model. @ webpack-internal:///(app-pages-browser)/./node_modules/@xenova/transformers/node_modules/onnxruntime-web/dist/ort-web.min.js:6
[   58278ms] [WARNING] 2026-05-13 06:09:08.600800 [W:onnxruntime:, graph.cc:3490 CleanUnusedInitializersAndNodeArgs] Removing initializer '/model/decoder/layers.1/final_layer_norm/Constant_1_output_0'. It is not used by any node and should be removed from the model. @ webpack-internal:///(app-pages-browser)/./node_modules/@xenova/transformers/node_modules/onnxruntime-web/dist/ort-web.min.js:6
[   58278ms] [WARNING] 2026-05-13 06:09:08.600900 [W:onnxruntime:, graph.cc:3490 CleanUnusedInitializersAndNodeArgs] Removing initializer '/model/decoder/layers.2/final_layer_norm/Constant_output_0'. It is not used by any node and should be removed from the model. @ webpack-internal:///(app-pages-browser)/./node_modules/@xenova/transformers/node_modules/onnxruntime-web/dist/ort-web.min.js:6
[   58278ms] [WARNING] 2026-05-13 06:09:08.600900 [W:onnxruntime:, graph.cc:3490 CleanUnusedInitializersAndNodeArgs] Removing initializer '/model/decoder/layers.1/encoder_attn_layer_norm/Constant_output_0'. It is not used by any node and should be removed from the model. @ webpack-internal:///(app-pages-browser)/./node_modules/@xenova/transformers/node_modules/onnxruntime-web/dist/ort-web.min.js:6
[   58279ms] [WARNING] 2026-05-13 06:09:08.601000 [W:onnxruntime:, graph.cc:3490 CleanUnusedInitializersAndNodeArgs] Removing initializer '/model/decoder/layers.1/final_layer_norm/Constant_output_0'. It is not used by any node and should be removed from the model. @ webpack-internal:///(app-pages-browser)/./node_modules/@xenova/transformers/node_modules/onnxruntime-web/dist/ort-web.min.js:6
[   58279ms] [WARNING] 2026-05-13 06:09:08.601100 [W:onnxruntime:, graph.cc:3490 CleanUnusedInitializersAndNodeArgs] Removing initializer '/model/decoder/layers.0/final_layer_norm/Constant_1_output_0'. It is not used by any node and should be removed from the model. @ webpack-internal:///(app-pages-browser)/./node_modules/@xenova/transformers/node_modules/onnxruntime-web/dist/ort-web.min.js:6
[   58279ms] [WARNING] 2026-05-13 06:09:08.601200 [W:onnxruntime:, graph.cc:3490 CleanUnusedInitializersAndNodeArgs] Removing initializer '/model/decoder/layers.0/final_layer_norm/Constant_output_0'. It is not used by any node and should be removed from the model. @ webpack-internal:///(app-pages-browser)/./node_modules/@xenova/transformers/node_modules/onnxruntime-web/dist/ort-web.min.js:6
[   58279ms] [WARNING] 2026-05-13 06:09:08.601300 [W:onnxruntime:, graph.cc:3490 CleanUnusedInitializersAndNodeArgs] Removing initializer '/model/decoder/layer_norm/Constant_output_0'. It is not used by any node and should be removed from the model. @ webpack-internal:///(app-pages-browser)/./node_modules/@xenova/transformers/node_modules/onnxruntime-web/dist/ort-web.min.js:6
[   58279ms] [WARNING] 2026-05-13 06:09:08.601300 [W:onnxruntime:, graph.cc:3490 CleanUnusedInitializersAndNodeArgs] Removing initializer '/model/decoder/layers.1/encoder_attn_layer_norm/Constant_1_output_0'. It is not used by any node and should be removed from the model. @ webpack-internal:///(app-pages-browser)/./node_modules/@xenova/transformers/node_modules/onnxruntime-web/dist/ort-web.min.js:6
[   58279ms] [WARNING] 2026-05-13 06:09:08.601300 [W:onnxruntime:, graph.cc:3490 CleanUnusedInitializersAndNodeArgs] Removing initializer '/model/decoder/layers.1/self_attn_layer_norm/Constant_1_output_0'. It is not used by any node and should be removed from the model. @ webpack-internal:///(app-pages-browser)/./node_modules/@xenova/transformers/node_modules/onnxruntime-web/dist/ort-web.min.js:6
[   58279ms] [WARNING] 2026-05-13 06:09:08.601400 [W:onnxruntime:, graph.cc:3490 CleanUnusedInitializersAndNodeArgs] Removing initializer '/model/decoder/layer_norm/Constant_1_output_0'. It is not used by any node and should be removed from the model. @ webpack-internal:///(app-pages-browser)/./node_modules/@xenova/transformers/node_modules/onnxruntime-web/dist/ort-web.min.js:6
[   58279ms] [WARNING] 2026-05-13 06:09:08.601500 [W:onnxruntime:, graph.cc:3490 CleanUnusedInitializersAndNodeArgs] Removing initializer '/model/decoder/layers.0/encoder_attn_layer_norm/Constant_output_0'. It is not used by any node and should be removed from the model. @ webpack-internal:///(app-pages-browser)/./node_modules/@xenova/transformers/node_modules/onnxruntime-web/dist/ort-web.min.js:6
[   58279ms] [WARNING] 2026-05-13 06:09:08.601600 [W:onnxruntime:, graph.cc:3490 CleanUnusedInitializersAndNodeArgs] Removing initializer '/model/decoder/layers.2/self_attn_layer_norm/Constant_1_output_0'. It is not used by any node and should be removed from the model. @ webpack-internal:///(app-pages-browser)/./node_modules/@xenova/transformers/node_modules/onnxruntime-web/dist/ort-web.min.js:6
[   58279ms] [WARNING] 2026-05-13 06:09:08.601600 [W:onnxruntime:, graph.cc:3490 CleanUnusedInitializersAndNodeArgs] Removing initializer '/model/decoder/layers.0/self_attn_layer_norm/Constant_1_output_0'. It is not used by any node and should be removed from the model. @ webpack-internal:///(app-pages-browser)/./node_modules/@xenova/transformers/node_modules/onnxruntime-web/dist/ort-web.min.js:6
[   58279ms] [WARNING] 2026-05-13 06:09:08.601700 [W:onnxruntime:, graph.cc:3490 CleanUnusedInitializersAndNodeArgs] Removing initializer '/model/decoder/layers.1/self_attn_layer_norm/Constant_output_0'. It is not used by any node and should be removed from the model. @ webpack-internal:///(app-pages-browser)/./node_modules/@xenova/transformers/node_modules/onnxruntime-web/dist/ort-web.min.js:6
[   59060ms] [ERROR] Failed to load resource: the server responded with a status of 500 (Internal Server Error) @ http://localhost:3011/api/proxy/v1/jobs/summary?user_id=cef71da1-3ff9-4d13-8a7d-d443eb110f83:0
[   59060ms] [ERROR] ❌ [API ERROR] GET /jobs/summary 500 - Request failed with status code 500 {message: Request failed with status code 500, code: ERR_BAD_RESPONSE, status: 500, statusText: Internal Server Error, method: GET} @ webpack-internal:///(app-pages-browser)/./node_modules/next/dist/next-devtools/userspace/app/errors/intercept-console-error.js:56
[   60575ms] [ERROR] Failed to load resource: the server responded with a status of 500 (Internal Server Error) @ http://localhost:3011/api/proxy/v1/jobs/summary?user_id=cef71da1-3ff9-4d13-8a7d-d443eb110f83:0
[   60575ms] [ERROR] ❌ [API ERROR] GET /jobs/summary 500 - Request failed with status code 500 {message: Request failed with status code 500, code: ERR_BAD_RESPONSE, status: 500, statusText: Internal Server Error, method: GET} @ webpack-internal:///(app-pages-browser)/./node_modules/next/dist/next-devtools/userspace/app/errors/intercept-console-error.js:56
[   61016ms] [ERROR] Failed to load resource: the server responded with a status of 500 (Internal Server Error) @ http://localhost:3011/api/proxy/v1/chat/preferences:0
[   61017ms] [ERROR] ❌ [API ERROR] GET /chat/preferences 500 - Request failed with status code 500 {message: Request failed with status code 500, code: ERR_BAD_RESPONSE, status: 500, statusText: Internal Server Error, method: GET} @ webpack-internal:///(app-pages-browser)/./node_modules/next/dist/next-devtools/userspace/app/errors/intercept-console-error.js:56
[   61983ms] [LOG] [Fast Refresh] rebuilding @ webpack-internal:///(app-pages-browser)/./node_modules/next/dist/client/dev/hot-reloader/app/hot-reloader-app.js:183
[   64963ms] [LOG] [Fast Refresh] rebuilding @ webpack-internal:///(app-pages-browser)/./node_modules/next/dist/client/dev/hot-reloader/app/hot-reloader-app.js:183
[   65611ms] [LOG] [Fast Refresh] done in 647ms @ webpack-internal:///(app-pages-browser)/./node_modules/next/dist/client/dev/report-hmr-latency.js:13
[   68002ms] [LOG] [Fast Refresh] done in 3039ms @ webpack-internal:///(app-pages-browser)/./node_modules/next/dist/client/dev/report-hmr-latency.js:13
[   69496ms] [ERROR] Failed to load resource: the server responded with a status of 404 (Not Found) @ http://localhost:3011/api/proxy/v1/jobs/summary?user_id=cef71da1-3ff9-4d13-8a7d-d443eb110f83:0
[   69496ms] [ERROR] ❌ [API ERROR] GET /jobs/summary 404 - Request failed with status code 404 {message: Request failed with status code 404, code: ERR_BAD_REQUEST, status: 404, statusText: Not Found, method: GET} @ webpack-internal:///(app-pages-browser)/./node_modules/next/dist/next-devtools/userspace/app/errors/intercept-console-error.js:56
[   69811ms] [ERROR] Failed to load resource: the server responded with a status of 500 (Internal Server Error) @ http://localhost:3011/api/proxy/v1/chat/preferences:0
[   69811ms] [ERROR] ❌ [API ERROR] GET /chat/preferences 500 - Request failed with status code 500 {message: Request failed with status code 500, code: ERR_BAD_RESPONSE, status: 500, statusText: Internal Server Error, method: GET} @ webpack-internal:///(app-pages-browser)/./node_modules/next/dist/next-devtools/userspace/app/errors/intercept-console-error.js:56
[   70672ms] [ERROR] Failed to load resource: the server responded with a status of 404 (Not Found) @ http://localhost:3011/api/proxy/v1/jobs/summary?user_id=cef71da1-3ff9-4d13-8a7d-d443eb110f83:0
[   70687ms] [ERROR] ❌ [API ERROR] GET /jobs/summary 404 - Request failed with status code 404 {message: Request failed with status code 404, code: ERR_BAD_REQUEST, status: 404, statusText: Not Found, method: GET} @ webpack-internal:///(app-pages-browser)/./node_modules/next/dist/next-devtools/userspace/app/errors/intercept-console-error.js:56
[   70904ms] [ERROR] Failed to load resource: the server responded with a status of 404 (Not Found) @ http://localhost:3011/api/proxy/v1/chat/preferences:0
[   70913ms] [ERROR] ❌ [API ERROR] GET /chat/preferences 404 - Request failed with status code 404 {message: Request failed with status code 404, code: ERR_BAD_REQUEST, status: 404, statusText: Not Found, method: GET} @ webpack-internal:///(app-pages-browser)/./node_modules/next/dist/next-devtools/userspace/app/errors/intercept-console-error.js:56
[   72763ms] [ERROR] Failed to load resource: the server responded with a status of 404 (Not Found) @ http://localhost:3011/api/proxy/v1/jobs/summary?user_id=cef71da1-3ff9-4d13-8a7d-d443eb110f83:0
[   72768ms] [ERROR] ❌ [API ERROR] GET /jobs/summary 404 - Request failed with status code 404 {message: Request failed with status code 404, code: ERR_BAD_REQUEST, status: 404, statusText: Not Found, method: GET} @ webpack-internal:///(app-pages-browser)/./node_modules/next/dist/next-devtools/userspace/app/errors/intercept-console-error.js:56
[   76280ms] [LOG] [Fast Refresh] rebuilding @ webpack-internal:///(app-pages-browser)/./node_modules/next/dist/client/dev/hot-reloader/app/hot-reloader-app.js:183
[   78142ms] [ERROR] Failed to load resource: the server responded with a status of 404 (Not Found) @ http://localhost:3011/api/proxy/v1/jobs/summary?user_id=cef71da1-3ff9-4d13-8a7d-d443eb110f83:0
[   78204ms] [ERROR] ❌ [API ERROR] GET /jobs/summary 404 - Request failed with status code 404 {message: Request failed with status code 404, code: ERR_BAD_REQUEST, status: 404, statusText: Not Found, method: GET} @ webpack-internal:///(app-pages-browser)/./node_modules/next/dist/next-devtools/userspace/app/errors/intercept-console-error.js:56
[   79622ms] [LOG] [Fast Refresh] done in 3341ms @ webpack-internal:///(app-pages-browser)/./node_modules/next/dist/client/dev/report-hmr-latency.js:13
[   79671ms] [ERROR] Failed to load resource: the server responded with a status of 404 (Not Found) @ http://localhost:3011/app/chat?agentProfileId=cost-reviewer&focus=false&_rsc=1qunb:0
[   79778ms] [ERROR] Failed to load resource: the server responded with a status of 404 (Not Found) @ http://localhost:3011/app/chat?agentProfileId=cost-reviewer&focus=false:0
[   80199ms] [INFO] %cDownload the React DevTools for a better development experience: https://react.dev/link/react-devtools font-weight:bold @ webpack-internal:///(app-pages-browser)/./node_modules/next/dist/compiled/react-dom/cjs/react-dom-client.development.js:25630
[  112901ms] [LOG] [Fast Refresh] rebuilding @ webpack-internal:///(app-pages-browser)/./node_modules/next/dist/client/dev/hot-reloader/app/hot-reloader-app.js:183
[  115830ms] [LOG] [Fast Refresh] done in 2932ms @ webpack-internal:///(app-pages-browser)/./node_modules/next/dist/client/dev/report-hmr-latency.js:13
[  119151ms] [LOG] 🔵 [AUTH_LAYOUT] Auth layout rendered {pathname: /app/chat, timestamp: 2026-05-13T00:40:09.474Z} @ webpack-internal:///(app-pages-browser)/./app/(auth)/auth-layout-client.tsx:30
[  119161ms] [LOG] ✅ [APP_SINGLETON] App instance mounted @ webpack-internal:///(app-pages-browser)/./components/app-singleton.tsx:145
[  119163ms] [LOG] 🔵 [AUTH_LAYOUT] Auth layout rendered {pathname: /app/chat, timestamp: 2026-05-13T00:40:09.485Z} @ webpack-internal:///(app-pages-browser)/./app/(auth)/auth-layout-client.tsx:30
[  119168ms] [LOG] 🔧 [APP_SINGLETON] Setting up Monaco environment (deferred)... @ webpack-internal:///(app-pages-browser)/./components/app-singleton.tsx:223
[  119168ms] [LOG] [Monaco Environment] Setting up Monaco environment with full language services... @ webpack-internal:///(app-pages-browser)/./lib/monaco-environment.ts:18
[  119168ms] [LOG] [Monaco Environment] ✅ Fetch interceptor configured for Azure schemas @ webpack-internal:///(app-pages-browser)/./lib/monaco-environment.ts:61
[  119168ms] [LOG] ✅ [APP_SINGLETON] Monaco environment setup completed @ webpack-internal:///(app-pages-browser)/./components/app-singleton.tsx:225
[  119183ms] [LOG] 🔵 [AUTH_LAYOUT] Auth layout rendered {pathname: /app/chat, timestamp: 2026-05-13T00:40:09.505Z} @ webpack-internal:///(app-pages-browser)/./app/(auth)/auth-layout-client.tsx:30
[  120113ms] [LOG] [Monaco Environment] ✅ Markdown language registered globally @ webpack-internal:///(app-pages-browser)/./lib/monaco-environment.ts:260
[  120113ms] [LOG] [Monaco Environment] ✅ Full language service workers configured @ webpack-internal:///(app-pages-browser)/./lib/monaco-environment.ts:297
[  120681ms] [LOG] [UserAuthService] Checking user existence for local@test.cloudeval.ai @ webpack-internal:///(app-pages-browser)/./lib/user-auth-service.ts:66
[  123497ms] [WARNING] Unable to determine content-length from response headers. Will expand buffer when needed. @ webpack-internal:///(app-pages-browser)/./node_modules/@xenova/transformers/src/utils/hub.js:608
[  123497ms] [WARNING] Unable to determine content-length from response headers. Will expand buffer when needed. @ webpack-internal:///(app-pages-browser)/./node_modules/@xenova/transformers/src/utils/hub.js:608
[  123497ms] [WARNING] Unable to determine content-length from response headers. Will expand buffer when needed. @ webpack-internal:///(app-pages-browser)/./node_modules/@xenova/transformers/src/utils/hub.js:608
[  123575ms] [WARNING] Unable to determine content-length from response headers. Will expand buffer when needed. @ webpack-internal:///(app-pages-browser)/./node_modules/@xenova/transformers/src/utils/hub.js:608
[  123835ms] [WARNING] 2026-05-13 06:10:14.156200 [W:onnxruntime:, graph.cc:3490 CleanUnusedInitializersAndNodeArgs] Removing initializer '/model/decoder/Constant_16_output_0'. It is not used by any node and should be removed from the model. @ webpack-internal:///(app-pages-browser)/./node_modules/@xenova/transformers/node_modules/onnxruntime-web/dist/ort-web.min.js:6
[  123835ms] [WARNING] 2026-05-13 06:10:14.156800 [W:onnxruntime:, graph.cc:3490 CleanUnusedInitializersAndNodeArgs] Removing initializer '/model/decoder/Shape_4_output_0'. It is not used by any node and should be removed from the model. @ webpack-internal:///(app-pages-browser)/./node_modules/@xenova/transformers/node_modules/onnxruntime-web/dist/ort-web.min.js:6
[  123842ms] [WARNING] 2026-05-13 06:10:14.164400 [W:onnxruntime:, graph.cc:3490 CleanUnusedInitializersAndNodeArgs] Removing initializer '/model/decoder/Constant_1_output_0'. It is not used by any node and should be removed from the model. @ webpack-internal:///(app-pages-browser)/./node_modules/@xenova/transformers/node_modules/onnxruntime-web/dist/ort-web.min.js:6
[  123843ms] [WARNING] 2026-05-13 06:10:14.164600 [W:onnxruntime:, graph.cc:3490 CleanUnusedInitializersAndNodeArgs] Removing initializer '/model/decoder/Constant_output_0'. It is not used by any node and should be removed from the model. @ webpack-internal:///(app-pages-browser)/./node_modules/@xenova/transformers/node_modules/onnxruntime-web/dist/ort-web.min.js:6
[  123843ms] [WARNING] 2026-05-13 06:10:14.164800 [W:onnxruntime:, graph.cc:3490 CleanUnusedInitializersAndNodeArgs] Removing initializer '/model/decoder/Constant_10_output_0'. It is not used by any node and should be removed from the model. @ webpack-internal:///(app-pages-browser)/./node_modules/@xenova/transformers/node_modules/onnxruntime-web/dist/ort-web.min.js:6
[  123843ms] [WARNING] 2026-05-13 06:10:14.164800 [W:onnxruntime:, graph.cc:3490 CleanUnusedInitializersAndNodeArgs] Removing initializer '/model/decoder/Constant_11_output_0'. It is not used by any node and should be removed from the model. @ webpack-internal:///(app-pages-browser)/./node_modules/@xenova/transformers/node_modules/onnxruntime-web/dist/ort-web.min.js:6
[  123843ms] [WARNING] 2026-05-13 06:10:14.165000 [W:onnxruntime:, graph.cc:3490 CleanUnusedInitializersAndNodeArgs] Removing initializer '/model/decoder/Constant_2_output_0'. It is not used by any node and should be removed from the model. @ webpack-internal:///(app-pages-browser)/./node_modules/@xenova/transformers/node_modules/onnxruntime-web/dist/ort-web.min.js:6
[  123843ms] [WARNING] 2026-05-13 06:10:14.165000 [W:onnxruntime:, graph.cc:3490 CleanUnusedInitializersAndNodeArgs] Removing initializer '/model/decoder/Constant_12_output_0'. It is not used by any node and should be removed from the model. @ webpack-internal:///(app-pages-browser)/./node_modules/@xenova/transformers/node_modules/onnxruntime-web/dist/ort-web.min.js:6
[  123843ms] [WARNING] 2026-05-13 06:10:14.165000 [W:onnxruntime:, graph.cc:3490 CleanUnusedInitializersAndNodeArgs] Removing initializer '/model/decoder/Constant_9_output_0'. It is not used by any node and should be removed from the model. @ webpack-internal:///(app-pages-browser)/./node_modules/@xenova/transformers/node_modules/onnxruntime-web/dist/ort-web.min.js:6
[  123871ms] [WARNING] 2026-05-13 06:10:14.193000 [W:onnxruntime:, graph.cc:3490 CleanUnusedInitializersAndNodeArgs] Removing initializer '/model/decoder/layers.3/activation_fn/Constant_2_output_0'. It is not used by any node and should be removed from the model. @ webpack-internal:///(app-pages-browser)/./node_modules/@xenova/transformers/node_modules/onnxruntime-web/dist/ort-web.min.js:6
[  123871ms] [WARNING] 2026-05-13 06:10:14.193300 [W:onnxruntime:, graph.cc:3490 CleanUnusedInitializersAndNodeArgs] Removing initializer '/model/decoder/layers.3/activation_fn/Constant_output_0'. It is not used by any node and should be removed from the model. @ webpack-internal:///(app-pages-browser)/./node_modules/@xenova/transformers/node_modules/onnxruntime-web/dist/ort-web.min.js:6
[  123871ms] [WARNING] 2026-05-13 06:10:14.193400 [W:onnxruntime:, graph.cc:3490 CleanUnusedInitializersAndNodeArgs] Removing initializer '/model/decoder/layers.2/activation_fn/Constant_2_output_0'. It is not used by any node and should be removed from the model. @ webpack-internal:///(app-pages-browser)/./node_modules/@xenova/transformers/node_modules/onnxruntime-web/dist/ort-web.min.js:6
[  123871ms] [WARNING] 2026-05-13 06:10:14.193400 [W:onnxruntime:, graph.cc:3490 CleanUnusedInitializersAndNodeArgs] Removing initializer '/model/decoder/layers.2/activation_fn/Constant_output_0'. It is not used by any node and should be removed from the model. @ webpack-internal:///(app-pages-browser)/./node_modules/@xenova/transformers/node_modules/onnxruntime-web/dist/ort-web.min.js:6
[  123871ms] [WARNING] 2026-05-13 06:10:14.193500 [W:onnxruntime:, graph.cc:3490 CleanUnusedInitializersAndNodeArgs] Removing initializer '/model/decoder/layers.1/activation_fn/Constant_output_0'. It is not used by any node and should be removed from the model. @ webpack-internal:///(app-pages-browser)/./node_modules/@xenova/transformers/node_modules/onnxruntime-web/dist/ort-web.min.js:6
[  123872ms] [WARNING] 2026-05-13 06:10:14.193600 [W:onnxruntime:, graph.cc:3490 CleanUnusedInitializersAndNodeArgs] Removing initializer '/model/decoder/layers.0/activation_fn/Constant_2_output_0'. It is not used by any node and should be removed from the model. @ webpack-internal:///(app-pages-browser)/./node_modules/@xenova/transformers/node_modules/onnxruntime-web/dist/ort-web.min.js:6
[  123872ms] [WARNING] 2026-05-13 06:10:14.193600 [W:onnxruntime:, graph.cc:3490 CleanUnusedInitializersAndNodeArgs] Removing initializer '/model/decoder/layers.3/activation_fn/Constant_1_output_0'. It is not used by any node and should be removed from the model. @ webpack-internal:///(app-pages-browser)/./node_modules/@xenova/transformers/node_modules/onnxruntime-web/dist/ort-web.min.js:6
[  123872ms] [WARNING] 2026-05-13 06:10:14.193700 [W:onnxruntime:, graph.cc:3490 CleanUnusedInitializersAndNodeArgs] Removing initializer '/model/decoder/layers.0/activation_fn/Constant_1_output_0'. It is not used by any node and should be removed from the model. @ webpack-internal:///(app-pages-browser)/./node_modules/@xenova/transformers/node_modules/onnxruntime-web/dist/ort-web.min.js:6
[  123872ms] [WARNING] 2026-05-13 06:10:14.193700 [W:onnxruntime:, graph.cc:3490 CleanUnusedInitializersAndNodeArgs] Removing initializer '/model/decoder/layers.1/activation_fn/Constant_1_output_0'. It is not used by any node and should be removed from the model. @ webpack-internal:///(app-pages-browser)/./node_modules/@xenova/transformers/node_modules/onnxruntime-web/dist/ort-web.min.js:6
[  123872ms] [WARNING] 2026-05-13 06:10:14.193800 [W:onnxruntime:, graph.cc:3490 CleanUnusedInitializersAndNodeArgs] Removing initializer '/model/decoder/layers.1/activation_fn/Constant_2_output_0'. It is not used by any node and should be removed from the model. @ webpack-internal:///(app-pages-browser)/./node_modules/@xenova/transformers/node_modules/onnxruntime-web/dist/ort-web.min.js:6
[  123872ms] [WARNING] 2026-05-13 06:10:14.193800 [W:onnxruntime:, graph.cc:3490 CleanUnusedInitializersAndNodeArgs] Removing initializer '/model/decoder/layers.2/activation_fn/Constant_1_output_0'. It is not used by any node and should be removed from the model. @ webpack-internal:///(app-pages-browser)/./node_modules/@xenova/transformers/node_modules/onnxruntime-web/dist/ort-web.min.js:6
[  123872ms] [WARNING] 2026-05-13 06:10:14.193900 [W:onnxruntime:, graph.cc:3490 CleanUnusedInitializersAndNodeArgs] Removing initializer '/model/decoder/layers.0/activation_fn/Constant_output_0'. It is not used by any node and should be removed from the model. @ webpack-internal:///(app-pages-browser)/./node_modules/@xenova/transformers/node_modules/onnxruntime-web/dist/ort-web.min.js:6
[  123872ms] [WARNING] 2026-05-13 06:10:14.194100 [W:onnxruntime:, graph.cc:3490 CleanUnusedInitializersAndNodeArgs] Removing initializer '/model/decoder/layers.3/activation_fn/Constant_2_output_0'. It is not used by any node and should be removed from the model. @ webpack-internal:///(app-pages-browser)/./node_modules/@xenova/transformers/node_modules/onnxruntime-web/dist/ort-web.min.js:6
[  123872ms] [WARNING] 2026-05-13 06:10:14.194100 [W:onnxruntime:, graph.cc:3490 CleanUnusedInitializersAndNodeArgs] Removing initializer '/model/decoder/layers.3/activation_fn/Constant_output_0'. It is not used by any node and should be removed from the model. @ webpack-internal:///(app-pages-browser)/./node_modules/@xenova/transformers/node_modules/onnxruntime-web/dist/ort-web.min.js:6
[  123872ms] [WARNING] 2026-05-13 06:10:14.194100 [W:onnxruntime:, graph.cc:3490 CleanUnusedInitializersAndNodeArgs] Removing initializer '/model/decoder/layers.2/activation_fn/Constant_2_output_0'. It is not used by any node and should be removed from the model. @ webpack-internal:///(app-pages-browser)/./node_modules/@xenova/transformers/node_modules/onnxruntime-web/dist/ort-web.min.js:6
[  123872ms] [WARNING] 2026-05-13 06:10:14.194300 [W:onnxruntime:, graph.cc:3490 CleanUnusedInitializersAndNodeArgs] Removing initializer '/model/decoder/layers.2/activation_fn/Constant_output_0'. It is not used by any node and should be removed from the model. @ webpack-internal:///(app-pages-browser)/./node_modules/@xenova/transformers/node_modules/onnxruntime-web/dist/ort-web.min.js:6
[  123872ms] [WARNING] 2026-05-13 06:10:14.194300 [W:onnxruntime:, graph.cc:3490 CleanUnusedInitializersAndNodeArgs] Removing initializer '/model/decoder/layers.1/activation_fn/Constant_output_0'. It is not used by any node and should be removed from the model. @ webpack-internal:///(app-pages-browser)/./node_modules/@xenova/transformers/node_modules/onnxruntime-web/dist/ort-web.min.js:6
[  123872ms] [WARNING] 2026-05-13 06:10:14.194400 [W:onnxruntime:, graph.cc:3490 CleanUnusedInitializersAndNodeArgs] Removing initializer '/model/decoder/layers.0/activation_fn/Constant_2_output_0'. It is not used by any node and should be removed from the model. @ webpack-internal:///(app-pages-browser)/./node_modules/@xenova/transformers/node_modules/onnxruntime-web/dist/ort-web.min.js:6
[  123872ms] [WARNING] 2026-05-13 06:10:14.194400 [W:onnxruntime:, graph.cc:3490 CleanUnusedInitializersAndNodeArgs] Removing initializer '/model/decoder/layers.3/activation_fn/Constant_1_output_0'. It is not used by any node and should be removed from the model. @ webpack-internal:///(app-pages-browser)/./node_modules/@xenova/transformers/node_modules/onnxruntime-web/dist/ort-web.min.js:6
[  123872ms] [WARNING] 2026-05-13 06:10:14.194500 [W:onnxruntime:, graph.cc:3490 CleanUnusedInitializersAndNodeArgs] Removing initializer '/model/decoder/layers.0/activation_fn/Constant_1_output_0'. It is not used by any node and should be removed from the model. @ webpack-internal:///(app-pages-browser)/./node_modules/@xenova/transformers/node_modules/onnxruntime-web/dist/ort-web.min.js:6
[  123873ms] [WARNING] 2026-05-13 06:10:14.194500 [W:onnxruntime:, graph.cc:3490 CleanUnusedInitializersAndNodeArgs] Removing initializer '/model/decoder/layers.1/activation_fn/Constant_1_output_0'. It is not used by any node and should be removed from the model. @ webpack-internal:///(app-pages-browser)/./node_modules/@xenova/transformers/node_modules/onnxruntime-web/dist/ort-web.min.js:6
[  123873ms] [WARNING] 2026-05-13 06:10:14.194600 [W:onnxruntime:, graph.cc:3490 CleanUnusedInitializersAndNodeArgs] Removing initializer '/model/decoder/layers.0/activation_fn/Constant_output_0'. It is not used by any node and should be removed from the model. @ webpack-internal:///(app-pages-browser)/./node_modules/@xenova/transformers/node_modules/onnxruntime-web/dist/ort-web.min.js:6
[  123873ms] [WARNING] 2026-05-13 06:10:14.194700 [W:onnxruntime:, graph.cc:3490 CleanUnusedInitializersAndNodeArgs] Removing initializer '/model/decoder/layers.2/activation_fn/Constant_1_output_0'. It is not used by any node and should be removed from the model. @ webpack-internal:///(app-pages-browser)/./node_modules/@xenova/transformers/node_modules/onnxruntime-web/dist/ort-web.min.js:6
[  123873ms] [WARNING] 2026-05-13 06:10:14.194700 [W:onnxruntime:, graph.cc:3490 CleanUnusedInitializersAndNodeArgs] Removing initializer '/model/decoder/layers.1/activation_fn/Constant_2_output_0'. It is not used by any node and should be removed from the model. @ webpack-internal:///(app-pages-browser)/./node_modules/@xenova/transformers/node_modules/onnxruntime-web/dist/ort-web.min.js:6
[  123879ms] [WARNING] 2026-05-13 06:10:14.200900 [W:onnxruntime:, graph.cc:3490 CleanUnusedInitializersAndNodeArgs] Removing initializer '/model/decoder/layers.3/final_layer_norm/Constant_1_output_0'. It is not used by any node and should be removed from the model. @ webpack-internal:///(app-pages-browser)/./node_modules/@xenova/transformers/node_modules/onnxruntime-web/dist/ort-web.min.js:6
[  123879ms] [WARNING] 2026-05-13 06:10:14.201200 [W:onnxruntime:, graph.cc:3490 CleanUnusedInitializersAndNodeArgs] Removing initializer '/model/decoder/layers.3/final_layer_norm/Constant_output_0'. It is not used by any node and should be removed from the model. @ webpack-internal:///(app-pages-browser)/./node_modules/@xenova/transformers/node_modules/onnxruntime-web/dist/ort-web.min.js:6
[  123879ms] [WARNING] 2026-05-13 06:10:14.201300 [W:onnxruntime:, graph.cc:3490 CleanUnusedInitializersAndNodeArgs] Removing initializer '/model/decoder/layers.2/final_layer_norm/Constant_output_0'. It is not used by any node and should be removed from the model. @ webpack-internal:///(app-pages-browser)/./node_modules/@xenova/transformers/node_modules/onnxruntime-web/dist/ort-web.min.js:6
[  123879ms] [WARNING] 2026-05-13 06:10:14.201300 [W:onnxruntime:, graph.cc:3490 CleanUnusedInitializersAndNodeArgs] Removing initializer '/model/decoder/layers.3/self_attn_layer_norm/Constant_output_0'. It is not used by any node and should be removed from the model. @ webpack-internal:///(app-pages-browser)/./node_modules/@xenova/transformers/node_modules/onnxruntime-web/dist/ort-web.min.js:6
[  123879ms] [WARNING] 2026-05-13 06:10:14.201400 [W:onnxruntime:, graph.cc:3490 CleanUnusedInitializersAndNodeArgs] Removing initializer '/model/decoder/layers.2/final_layer_norm/Constant_1_output_0'. It is not used by any node and should be removed from the model. @ webpack-internal:///(app-pages-browser)/./node_modules/@xenova/transformers/node_modules/onnxruntime-web/dist/ort-web.min.js:6
[  123879ms] [WARNING] 2026-05-13 06:10:14.201400 [W:onnxruntime:, graph.cc:3490 CleanUnusedInitializersAndNodeArgs] Removing initializer '/model/decoder/layers.2/self_attn_layer_norm/Constant_1_output_0'. It is not used by any node and should be removed from the model. @ webpack-internal:///(app-pages-browser)/./node_modules/@xenova/transformers/node_modules/onnxruntime-web/dist/ort-web.min.js:6
[  123880ms] [WARNING] 2026-05-13 06:10:14.201500 [W:onnxruntime:, graph.cc:3490 CleanUnusedInitializersAndNodeArgs] Removing initializer '/model/decoder/layers.3/encoder_attn_layer_norm/Constant_1_output_0'. It is not used by any node and should be removed from the model. @ webpack-internal:///(app-pages-browser)/./node_modules/@xenova/transformers/node_modules/onnxruntime-web/dist/ort-web.min.js:6
[  123880ms] [WARNING] 2026-05-13 06:10:14.201600 [W:onnxruntime:, graph.cc:3490 CleanUnusedInitializersAndNodeArgs] Removing initializer '/model/decoder/layers.0/self_attn_layer_norm/Constant_output_0'. It is not used by any node and should be removed from the model. @ webpack-internal:///(app-pages-browser)/./node_modules/@xenova/transformers/node_modules/onnxruntime-web/dist/ort-web.min.js:6
[  123880ms] [WARNING] 2026-05-13 06:10:14.201600 [W:onnxruntime:, graph.cc:3490 CleanUnusedInitializersAndNodeArgs] Removing initializer '/model/decoder/layers.2/encoder_attn_layer_norm/Constant_1_output_0'. It is not used by any node and should be removed from the model. @ webpack-internal:///(app-pages-browser)/./node_modules/@xenova/transformers/node_modules/onnxruntime-web/dist/ort-web.min.js:6
[  123880ms] [WARNING] 2026-05-13 06:10:14.201700 [W:onnxruntime:, graph.cc:3490 CleanUnusedInitializersAndNodeArgs] Removing initializer '/model/decoder/layers.2/encoder_attn_layer_norm/Constant_output_0'. It is not used by any node and should be removed from the model. @ webpack-internal:///(app-pages-browser)/./node_modules/@xenova/transformers/node_modules/onnxruntime-web/dist/ort-web.min.js:6
[  123880ms] [WARNING] 2026-05-13 06:10:14.201700 [W:onnxruntime:, graph.cc:3490 CleanUnusedInitializersAndNodeArgs] Removing initializer '/model/decoder/layers.0/encoder_attn_layer_norm/Constant_1_output_0'. It is not used by any node and should be removed from the model. @ webpack-internal:///(app-pages-browser)/./node_modules/@xenova/transformers/node_modules/onnxruntime-web/dist/ort-web.min.js:6
[  123880ms] [WARNING] 2026-05-13 06:10:14.201800 [W:onnxruntime:, graph.cc:3490 CleanUnusedInitializersAndNodeArgs] Removing initializer '/model/decoder/layers.3/self_attn_layer_norm/Constant_1_output_0'. It is not used by any node and should be removed from the model. @ webpack-internal:///(app-pages-browser)/./node_modules/@xenova/transformers/node_modules/onnxruntime-web/dist/ort-web.min.js:6
[  123880ms] [WARNING] 2026-05-13 06:10:14.201800 [W:onnxruntime:, graph.cc:3490 CleanUnusedInitializersAndNodeArgs] Removing initializer '/model/decoder/layers.2/self_attn_layer_norm/Constant_output_0'. It is not used by any node and should be removed from the model. @ webpack-internal:///(app-pages-browser)/./node_modules/@xenova/transformers/node_modules/onnxruntime-web/dist/ort-web.min.js:6
[  123880ms] [WARNING] 2026-05-13 06:10:14.201900 [W:onnxruntime:, graph.cc:3490 CleanUnusedInitializersAndNodeArgs] Removing initializer '/model/decoder/layers.1/final_layer_norm/Constant_1_output_0'. It is not used by any node and should be removed from the model. @ webpack-internal:///(app-pages-browser)/./node_modules/@xenova/transformers/node_modules/onnxruntime-web/dist/ort-web.min.js:6
[  123880ms] [WARNING] 2026-05-13 06:10:14.201900 [W:onnxruntime:, graph.cc:3490 CleanUnusedInitializersAndNodeArgs] Removing initializer '/model/decoder/layers.1/final_layer_norm/Constant_output_0'. It is not used by any node and should be removed from the model. @ webpack-internal:///(app-pages-browser)/./node_modules/@xenova/transformers/node_modules/onnxruntime-web/dist/ort-web.min.js:6
[  123880ms] [WARNING] 2026-05-13 06:10:14.202100 [W:onnxruntime:, graph.cc:3490 CleanUnusedInitializersAndNodeArgs] Removing initializer '/model/decoder/layers.0/final_layer_norm/Constant_1_output_0'. It is not used by any node and should be removed from the model. @ webpack-internal:///(app-pages-browser)/./node_modules/@xenova/transformers/node_modules/onnxruntime-web/dist/ort-web.min.js:6
[  123880ms] [WARNING] 2026-05-13 06:10:14.202100 [W:onnxruntime:, graph.cc:3490 CleanUnusedInitializersAndNodeArgs] Removing initializer '/model/decoder/layers.1/encoder_attn_layer_norm/Constant_1_output_0'. It is not used by any node and should be removed from the model. @ webpack-internal:///(app-pages-browser)/./node_modules/@xenova/transformers/node_modules/onnxruntime-web/dist/ort-web.min.js:6
[  123880ms] [WARNING] 2026-05-13 06:10:14.202100 [W:onnxruntime:, graph.cc:3490 CleanUnusedInitializersAndNodeArgs] Removing initializer '/model/decoder/layers.0/final_layer_norm/Constant_output_0'. It is not used by any node and should be removed from the model. @ webpack-internal:///(app-pages-browser)/./node_modules/@xenova/transformers/node_modules/onnxruntime-web/dist/ort-web.min.js:6
[  123880ms] [WARNING] 2026-05-13 06:10:14.202200 [W:onnxruntime:, graph.cc:3490 CleanUnusedInitializersAndNodeArgs] Removing initializer '/model/decoder/layers.3/encoder_attn_layer_norm/Constant_output_0'. It is not used by any node and should be removed from the model. @ webpack-internal:///(app-pages-browser)/./node_modules/@xenova/transformers/node_modules/onnxruntime-web/dist/ort-web.min.js:6
[  123880ms] [WARNING] 2026-05-13 06:10:14.202300 [W:onnxruntime:, graph.cc:3490 CleanUnusedInitializersAndNodeArgs] Removing initializer '/model/decoder/layer_norm/Constant_output_0'. It is not used by any node and should be removed from the model. @ webpack-internal:///(app-pages-browser)/./node_modules/@xenova/transformers/node_modules/onnxruntime-web/dist/ort-web.min.js:6
[  123880ms] [WARNING] 2026-05-13 06:10:14.202400 [W:onnxruntime:, graph.cc:3490 CleanUnusedInitializersAndNodeArgs] Removing initializer '/model/decoder/layers.1/self_attn_layer_norm/Constant_1_output_0'. It is not used by any node and should be removed from the model. @ webpack-internal:///(app-pages-browser)/./node_modules/@xenova/transformers/node_modules/onnxruntime-web/dist/ort-web.min.js:6
[  123880ms] [WARNING] 2026-05-13 06:10:14.202400 [W:onnxruntime:, graph.cc:3490 CleanUnusedInitializersAndNodeArgs] Removing initializer '/model/decoder/layers.0/encoder_attn_layer_norm/Constant_output_0'. It is not used by any node and should be removed from the model. @ webpack-internal:///(app-pages-browser)/./node_modules/@xenova/transformers/node_modules/onnxruntime-web/dist/ort-web.min.js:6
[  123880ms] [WARNING] 2026-05-13 06:10:14.202500 [W:onnxruntime:, graph.cc:3490 CleanUnusedInitializersAndNodeArgs] Removing initializer '/model/decoder/layer_norm/Constant_1_output_0'. It is not used by any node and should be removed from the model. @ webpack-internal:///(app-pages-browser)/./node_modules/@xenova/transformers/node_modules/onnxruntime-web/dist/ort-web.min.js:6
[  123880ms] [WARNING] 2026-05-13 06:10:14.202500 [W:onnxruntime:, graph.cc:3490 CleanUnusedInitializersAndNodeArgs] Removing initializer '/model/decoder/layers.1/self_attn_layer_norm/Constant_output_0'. It is not used by any node and should be removed from the model. @ webpack-internal:///(app-pages-browser)/./node_modules/@xenova/transformers/node_modules/onnxruntime-web/dist/ort-web.min.js:6
[  123881ms] [WARNING] 2026-05-13 06:10:14.202600 [W:onnxruntime:, graph.cc:3490 CleanUnusedInitializersAndNodeArgs] Removing initializer '/model/decoder/layers.0/self_attn_layer_norm/Constant_1_output_0'. It is not used by any node and should be removed from the model. @ webpack-internal:///(app-pages-browser)/./node_modules/@xenova/transformers/node_modules/onnxruntime-web/dist/ort-web.min.js:6
[  123881ms] [WARNING] 2026-05-13 06:10:14.202700 [W:onnxruntime:, graph.cc:3490 CleanUnusedInitializersAndNodeArgs] Removing initializer '/model/decoder/layers.1/encoder_attn_layer_norm/Constant_output_0'. It is not used by any node and should be removed from the model. @ webpack-internal:///(app-pages-browser)/./node_modules/@xenova/transformers/node_modules/onnxruntime-web/dist/ort-web.min.js:6
[  123881ms] [WARNING] 2026-05-13 06:10:14.202800 [W:onnxruntime:, graph.cc:3490 CleanUnusedInitializersAndNodeArgs] Removing initializer '/model/decoder/layers.3/final_layer_norm/Constant_1_output_0'. It is not used by any node and should be removed from the model. @ webpack-internal:///(app-pages-browser)/./node_modules/@xenova/transformers/node_modules/onnxruntime-web/dist/ort-web.min.js:6
[  123881ms] [WARNING] 2026-05-13 06:10:14.202800 [W:onnxruntime:, graph.cc:3490 CleanUnusedInitializersAndNodeArgs] Removing initializer '/model/decoder/layers.3/final_layer_norm/Constant_output_0'. It is not used by any node and should be removed from the model. @ webpack-internal:///(app-pages-browser)/./node_modules/@xenova/transformers/node_modules/onnxruntime-web/dist/ort-web.min.js:6
[  123881ms] [WARNING] 2026-05-13 06:10:14.203000 [W:onnxruntime:, graph.cc:3490 CleanUnusedInitializersAndNodeArgs] Removing initializer '/model/decoder/layers.3/encoder_attn_layer_norm/Constant_1_output_0'. It is not used by any node and should be removed from the model. @ webpack-internal:///(app-pages-browser)/./node_modules/@xenova/transformers/node_modules/onnxruntime-web/dist/ort-web.min.js:6
[  123881ms] [WARNING] 2026-05-13 06:10:14.203000 [W:onnxruntime:, graph.cc:3490 CleanUnusedInitializersAndNodeArgs] Removing initializer '/model/decoder/layers.3/encoder_attn_layer_norm/Constant_output_0'. It is not used by any node and should be removed from the model. @ webpack-internal:///(app-pages-browser)/./node_modules/@xenova/transformers/node_modules/onnxruntime-web/dist/ort-web.min.js:6
[  123881ms] [WARNING] 2026-05-13 06:10:14.203100 [W:onnxruntime:, graph.cc:3490 CleanUnusedInitializersAndNodeArgs] Removing initializer '/model/decoder/layers.3/self_attn_layer_norm/Constant_output_0'. It is not used by any node and should be removed from the model. @ webpack-internal:///(app-pages-browser)/./node_modules/@xenova/transformers/node_modules/onnxruntime-web/dist/ort-web.min.js:6
[  123881ms] [WARNING] 2026-05-13 06:10:14.203100 [W:onnxruntime:, graph.cc:3490 CleanUnusedInitializersAndNodeArgs] Removing initializer '/model/decoder/layers.2/final_layer_norm/Constant_1_output_0'. It is not used by any node and should be removed from the model. @ webpack-internal:///(app-pages-browser)/./node_modules/@xenova/transformers/node_modules/onnxruntime-web/dist/ort-web.min.js:6
[  123881ms] [WARNING] 2026-05-13 06:10:14.203100 [W:onnxruntime:, graph.cc:3490 CleanUnusedInitializersAndNodeArgs] Removing initializer '/model/decoder/layers.0/self_attn_layer_norm/Constant_output_0'. It is not used by any node and should be removed from the model. @ webpack-internal:///(app-pages-browser)/./node_modules/@xenova/transformers/node_modules/onnxruntime-web/dist/ort-web.min.js:6
[  123881ms] [WARNING] 2026-05-13 06:10:14.203200 [W:onnxruntime:, graph.cc:3490 CleanUnusedInitializersAndNodeArgs] Removing initializer '/model/decoder/layers.2/encoder_attn_layer_norm/Constant_output_0'. It is not used by any node and should be removed from the model. @ webpack-internal:///(app-pages-browser)/./node_modules/@xenova/transformers/node_modules/onnxruntime-web/dist/ort-web.min.js:6
[  123881ms] [WARNING] 2026-05-13 06:10:14.203300 [W:onnxruntime:, graph.cc:3490 CleanUnusedInitializersAndNodeArgs] Removing initializer '/model/decoder/layers.2/encoder_attn_layer_norm/Constant_1_output_0'. It is not used by any node and should be removed from the model. @ webpack-internal:///(app-pages-browser)/./node_modules/@xenova/transformers/node_modules/onnxruntime-web/dist/ort-web.min.js:6
[  123881ms] [WARNING] 2026-05-13 06:10:14.203400 [W:onnxruntime:, graph.cc:3490 CleanUnusedInitializersAndNodeArgs] Removing initializer '/model/decoder/layers.0/encoder_attn_layer_norm/Constant_1_output_0'. It is not used by any node and should be removed from the model. @ webpack-internal:///(app-pages-browser)/./node_modules/@xenova/transformers/node_modules/onnxruntime-web/dist/ort-web.min.js:6
[  123881ms] [WARNING] 2026-05-13 06:10:14.203400 [W:onnxruntime:, graph.cc:3490 CleanUnusedInitializersAndNodeArgs] Removing initializer '/model/decoder/layers.3/self_attn_layer_norm/Constant_1_output_0'. It is not used by any node and should be removed from the model. @ webpack-internal:///(app-pages-browser)/./node_modules/@xenova/transformers/node_modules/onnxruntime-web/dist/ort-web.min.js:6
[  123881ms] [WARNING] 2026-05-13 06:10:14.203500 [W:onnxruntime:, graph.cc:3490 CleanUnusedInitializersAndNodeArgs] Removing initializer '/model/decoder/layers.2/self_attn_layer_norm/Constant_output_0'. It is not used by any node and should be removed from the model. @ webpack-internal:///(app-pages-browser)/./node_modules/@xenova/transformers/node_modules/onnxruntime-web/dist/ort-web.min.js:6
[  123881ms] [WARNING] 2026-05-13 06:10:14.203500 [W:onnxruntime:, graph.cc:3490 CleanUnusedInitializersAndNodeArgs] Removing initializer '/model/decoder/layers.1/final_layer_norm/Constant_1_output_0'. It is not used by any node and should be removed from the model. @ webpack-internal:///(app-pages-browser)/./node_modules/@xenova/transformers/node_modules/onnxruntime-web/dist/ort-web.min.js:6
[  123882ms] [WARNING] 2026-05-13 06:10:14.203500 [W:onnxruntime:, graph.cc:3490 CleanUnusedInitializersAndNodeArgs] Removing initializer '/model/decoder/layers.2/final_layer_norm/Constant_output_0'. It is not used by any node and should be removed from the model. @ webpack-internal:///(app-pages-browser)/./node_modules/@xenova/transformers/node_modules/onnxruntime-web/dist/ort-web.min.js:6
[  123882ms] [WARNING] 2026-05-13 06:10:14.203600 [W:onnxruntime:, graph.cc:3490 CleanUnusedInitializersAndNodeArgs] Removing initializer '/model/decoder/layers.1/encoder_attn_layer_norm/Constant_output_0'. It is not used by any node and should be removed from the model. @ webpack-internal:///(app-pages-browser)/./node_modules/@xenova/transformers/node_modules/onnxruntime-web/dist/ort-web.min.js:6
[  123882ms] [WARNING] 2026-05-13 06:10:14.203600 [W:onnxruntime:, graph.cc:3490 CleanUnusedInitializersAndNodeArgs] Removing initializer '/model/decoder/layers.1/final_layer_norm/Constant_output_0'. It is not used by any node and should be removed from the model. @ webpack-internal:///(app-pages-browser)/./node_modules/@xenova/transformers/node_modules/onnxruntime-web/dist/ort-web.min.js:6
[  123882ms] [WARNING] 2026-05-13 06:10:14.203700 [W:onnxruntime:, graph.cc:3490 CleanUnusedInitializersAndNodeArgs] Removing initializer '/model/decoder/layers.0/final_layer_norm/Constant_1_output_0'. It is not used by any node and should be removed from the model. @ webpack-internal:///(app-pages-browser)/./node_modules/@xenova/transformers/node_modules/onnxruntime-web/dist/ort-web.min.js:6
[  123882ms] [WARNING] 2026-05-13 06:10:14.203800 [W:onnxruntime:, graph.cc:3490 CleanUnusedInitializersAndNodeArgs] Removing initializer '/model/decoder/layers.0/final_layer_norm/Constant_output_0'. It is not used by any node and should be removed from the model. @ webpack-internal:///(app-pages-browser)/./node_modules/@xenova/transformers/node_modules/onnxruntime-web/dist/ort-web.min.js:6
[  123882ms] [WARNING] 2026-05-13 06:10:14.203900 [W:onnxruntime:, graph.cc:3490 CleanUnusedInitializersAndNodeArgs] Removing initializer '/model/decoder/layer_norm/Constant_output_0'. It is not used by any node and should be removed from the model. @ webpack-internal:///(app-pages-browser)/./node_modules/@xenova/transformers/node_modules/onnxruntime-web/dist/ort-web.min.js:6
[  123882ms] [WARNING] 2026-05-13 06:10:14.203900 [W:onnxruntime:, graph.cc:3490 CleanUnusedInitializersAndNodeArgs] Removing initializer '/model/decoder/layers.1/encoder_attn_layer_norm/Constant_1_output_0'. It is not used by any node and should be removed from the model. @ webpack-internal:///(app-pages-browser)/./node_modules/@xenova/transformers/node_modules/onnxruntime-web/dist/ort-web.min.js:6
[  123882ms] [WARNING] 2026-05-13 06:10:14.204000 [W:onnxruntime:, graph.cc:3490 CleanUnusedInitializersAndNodeArgs] Removing initializer '/model/decoder/layers.1/self_attn_layer_norm/Constant_1_output_0'. It is not used by any node and should be removed from the model. @ webpack-internal:///(app-pages-browser)/./node_modules/@xenova/transformers/node_modules/onnxruntime-web/dist/ort-web.min.js:6
[  123882ms] [WARNING] 2026-05-13 06:10:14.204000 [W:onnxruntime:, graph.cc:3490 CleanUnusedInitializersAndNodeArgs] Removing initializer '/model/decoder/layer_norm/Constant_1_output_0'. It is not used by any node and should be removed from the model. @ webpack-internal:///(app-pages-browser)/./node_modules/@xenova/transformers/node_modules/onnxruntime-web/dist/ort-web.min.js:6
[  123882ms] [WARNING] 2026-05-13 06:10:14.204000 [W:onnxruntime:, graph.cc:3490 CleanUnusedInitializersAndNodeArgs] Removing initializer '/model/decoder/layers.0/encoder_attn_layer_norm/Constant_output_0'. It is not used by any node and should be removed from the model. @ webpack-internal:///(app-pages-browser)/./node_modules/@xenova/transformers/node_modules/onnxruntime-web/dist/ort-web.min.js:6
[  123882ms] [WARNING] 2026-05-13 06:10:14.204200 [W:onnxruntime:, graph.cc:3490 CleanUnusedInitializersAndNodeArgs] Removing initializer '/model/decoder/layers.2/self_attn_layer_norm/Constant_1_output_0'. It is not used by any node and should be removed from the model. @ webpack-internal:///(app-pages-browser)/./node_modules/@xenova/transformers/node_modules/onnxruntime-web/dist/ort-web.min.js:6
[  123882ms] [WARNING] 2026-05-13 06:10:14.204200 [W:onnxruntime:, graph.cc:3490 CleanUnusedInitializersAndNodeArgs] Removing initializer '/model/decoder/layers.0/self_attn_layer_norm/Constant_1_output_0'. It is not used by any node and should be removed from the model. @ webpack-internal:///(app-pages-browser)/./node_modules/@xenova/transformers/node_modules/onnxruntime-web/dist/ort-web.min.js:6
[  123882ms] [WARNING] 2026-05-13 06:10:14.204200 [W:onnxruntime:, graph.cc:3490 CleanUnusedInitializersAndNodeArgs] Removing initializer '/model/decoder/layers.1/self_attn_layer_norm/Constant_output_0'. It is not used by any node and should be removed from the model. @ webpack-internal:///(app-pages-browser)/./node_modules/@xenova/transformers/node_modules/onnxruntime-web/dist/ort-web.min.js:6
[  123941ms] [LOG] THREE.WebGLRenderer: Context Lost. @ webpack-internal:///(app-pages-browser)/./node_modules/three/build/three.module.js:10443
[  126146ms] [LOG] [UserAuthService] User exists: local@test.cloudeval.ai @ webpack-internal:///(app-pages-browser)/./lib/user-auth-service.ts:109
[  126147ms] [LOG] ✅ [GlobalDataProvider] Applied backend theme preference {preferredTheme: dark} @ webpack-internal:///(app-pages-browser)/./components/global-data-provider.tsx:333
[  126147ms] [LOG] [Store] Code editor state updated: {selectedTheme: github-dark, autoSyncWithProject: true} @ webpack-internal:///(app-pages-browser)/./lib/store.ts:1130
[  126147ms] [LOG] ✅ [GlobalDataProvider] Applied code editor preferences from backend {selectedTheme: undefined, autoSyncWithProject: undefined} @ webpack-internal:///(app-pages-browser)/./components/global-data-provider.tsx:344
[  128458ms] [LOG] [Fast Refresh] rebuilding @ webpack-internal:///(app-pages-browser)/./node_modules/next/dist/client/dev/hot-reloader/app/hot-reloader-app.js:183
[  136394ms] [LOG] [Fast Refresh] done in 7935ms @ webpack-internal:///(app-pages-browser)/./node_modules/next/dist/client/dev/report-hmr-latency.js:13
[  136641ms] [LOG] ✅ [GlobalDataProvider] Projects loaded successfully: 1 @ webpack-internal:///(app-pages-browser)/./components/global-data-provider.tsx:412
[  137196ms] [LOG] THREE.WebGLRenderer: Context Lost. @ webpack-internal:///(app-pages-browser)/./node_modules/three/build/three.module.js:10443
[  141224ms] [LOG] [Fast Refresh] rebuilding @ webpack-internal:///(app-pages-browser)/./node_modules/next/dist/client/dev/hot-reloader/app/hot-reloader-app.js:183
[  144658ms] [LOG] [Fast Refresh] done in 3434ms @ webpack-internal:///(app-pages-browser)/./node_modules/next/dist/client/dev/report-hmr-latency.js:13
[  148704ms] [LOG] [Fast Refresh] rebuilding @ webpack-internal:///(app-pages-browser)/./node_modules/next/dist/client/dev/hot-reloader/app/hot-reloader-app.js:183
[  151232ms] [LOG] [Fast Refresh] done in 2527ms @ webpack-internal:///(app-pages-browser)/./node_modules/next/dist/client/dev/report-hmr-latency.js:13
